Id,Datum,Thuis,Uit,Minuut,Soort,Speler
132,1957-02-03,Rapid JC,Fortuna '54,65,penalty,Bart  Carlier
304,1957-02-17,Elinkwijk,VVV,8,doelpunt,Hay  Lamberts
304,1957-02-17,Elinkwijk,VVV,46,doelpunt,Evert-Jan  Vonk
304,1957-02-17,Elinkwijk,VVV,62,doelpunt,Herman  Teeuwen
304,1957-02-17,Elinkwijk,VVV,69,doelpunt,Bertus van Beek
119,1956-12-02,Sparta,Feijenoord,35,doelpunt,Cor van der Gijp
119,1956-12-02,Sparta,Feijenoord,44,doelpunt,Cor van der Gijp
119,1956-12-02,Sparta,Feijenoord,58,doelpunt,Cor van der Gijp
119,1956-12-02,Sparta,Feijenoord,63,doelpunt,Cor van der Gijp
73,1957-03-03,NAC,EVV Eindhoven,68,doelpunt,Huub  Tielens
289,1956-09-09,EVV Eindhoven,VVV,15,doelpunt,Jozef  Theuws
289,1956-09-09,EVV Eindhoven,VVV,71,doelpunt,Faas  Wilkes
111,1957-02-03,Willem II,BVV,3,doelpunt,Gerrit de Wit
236,1956-10-07,Fortuna '54,Feijenoord,39,doelpunt,Gerard  Kerkum
236,1956-10-07,Fortuna '54,Feijenoord,41,doelpunt,Bram  Appel
236,1956-10-07,Fortuna '54,Feijenoord,49,doelpunt,Bram  Appel
236,1956-10-07,Fortuna '54,Feijenoord,73,doelpunt,Cor van der Gijp
236,1956-10-07,Fortuna '54,Feijenoord,84,doelpunt,Wim  Huis
61,1956-12-02,NAC,Willem II,30,doelpunt,Jan van Roessel
61,1956-12-02,NAC,Willem II,61,doelpunt,Cock  Luyten
61,1956-12-02,NAC,Willem II,84,doelpunt,Leo  Canjels
276,1956-12-30,Elinkwijk,BVC Amsterdam,65,doelpunt,Henk van der Sluis
276,1956-12-30,Elinkwijk,BVC Amsterdam,71,doelpunt,Aad  Baselaar
199,1956-09-02,Ajax,NAC,10,doelpunt,Loek den Edel
130,1956-09-09,Rapid JC,PSV,7,doelpunt,Theo  Buenen
130,1956-09-09,Rapid JC,PSV,85,doelpunt,Johan  Adang
130,1956-09-09,Rapid JC,PSV,87,doelpunt,Huub  Janssen
130,1956-09-09,Rapid JC,PSV,70,eigen doelpunt,Theo  Buenen
149,1957-01-13,Sparta,VVV,20,doelpunt,Hans  Sleven
149,1957-01-13,Sparta,VVV,51,doelpunt,Ad  Verhoeven
106,1957-03-10,SC Enschede,PSV,32,doelpunt,Arend van der Wel
106,1957-03-10,SC Enschede,PSV,53,doelpunt,Abe  Lenstra
106,1957-03-10,SC Enschede,PSV,79,doelpunt,Coen  Dillen
106,1957-03-10,SC Enschede,PSV,89,doelpunt,Coen  Dillen
104,1957-06-02,VVV,Sparta,1,doelpunt,Leo  Snijders
104,1957-06-02,VVV,Sparta,35,doelpunt,Tonny van Ede
104,1957-06-02,VVV,Sparta,38,doelpunt,Frans de Bruin
275,1957-01-20,Elinkwijk,BVV,13,doelpunt,Michel  Kruin
275,1957-01-20,Elinkwijk,BVV,21,doelpunt,Evert-Jan  Vonk
275,1957-01-20,Elinkwijk,BVV,50,doelpunt,Michel  Kruin
275,1957-01-20,Elinkwijk,BVV,51,doelpunt,Michel  Kruin
275,1957-01-20,Elinkwijk,BVV,59,doelpunt,Wim  Heijmans
275,1957-01-20,Elinkwijk,BVV,80,doelpunt,Wim  Nijholt
250,1957-03-17,GVAV,EVV Eindhoven,42,doelpunt,Heiko  Wolda
250,1957-03-17,GVAV,EVV Eindhoven,53,doelpunt,Jan  Louwers
278,1957-05-19,EVV Eindhoven,SC Enschede,35,doelpunt,Huub  Tielens
278,1957-05-19,EVV Eindhoven,SC Enschede,54,doelpunt,Huub  Tielens
278,1957-05-19,EVV Eindhoven,SC Enschede,75,doelpunt,Gerrit  Moddejonge jr.
278,1957-05-19,EVV Eindhoven,SC Enschede,80,doelpunt,Huub  Tielens
278,1957-05-19,EVV Eindhoven,SC Enschede,86,doelpunt,Gerrit  Moddejonge jr.
177,1956-12-30,EVV Eindhoven,BVV,1,doelpunt,Wim  Heijmans
177,1956-12-30,EVV Eindhoven,BVV,3,doelpunt,Sjaak  Verspeek
177,1956-12-30,EVV Eindhoven,BVV,20,doelpunt,Piet van Overbeek
177,1956-12-30,EVV Eindhoven,BVV,57,doelpunt,Huub  Tielens
177,1956-12-30,EVV Eindhoven,BVV,84,doelpunt,Max van Beurden
41,1957-02-03,MVV,VVV,22,doelpunt,Chris  Coenen
173,1956-09-02,DOS,Sparta,6,doelpunt,Tonny van der Linden
173,1956-09-02,DOS,Sparta,15,doelpunt,Ad  Verhoeven
173,1956-09-02,DOS,Sparta,20,doelpunt,Peet  Geel
173,1956-09-02,DOS,Sparta,23,doelpunt,Peet  Geel
173,1956-09-02,DOS,Sparta,76,doelpunt,Tonny van der Linden
19,1956-09-23,NOAD,Sparta,59,doelpunt,Jan  Meijer
19,1956-09-23,NOAD,Sparta,66,doelpunt,Ab  Kentie
19,1956-09-23,NOAD,Sparta,78,doelpunt,Herman  Damen
251,1956-11-11,EVV Eindhoven,GVAV,56,doelpunt,Jan  Louwers
251,1956-11-11,EVV Eindhoven,GVAV,71,doelpunt,Rikkert  La Crois
33,1956-12-23,PSV,NAC,3,doelpunt,Cock  Luyten
33,1956-12-23,PSV,NAC,13,doelpunt,Piet  Vergouwen
33,1956-12-23,PSV,NAC,26,doelpunt,Louis  Overbeeke
33,1956-12-23,PSV,NAC,56,doelpunt,Jan van den Heuvel
33,1956-12-23,PSV,NAC,59,doelpunt,Piet  Vergouwen
33,1956-12-23,PSV,NAC,80,doelpunt,Henk  Waterman
33,1956-12-23,PSV,NAC,85,doelpunt,Leo  Canjels
128,1957-04-17,Rapid JC,SC Enschede,5,doelpunt,Arend van der Wel
128,1957-04-17,Rapid JC,SC Enschede,73,doelpunt,Noud van Melis
272,1957-05-19,Elinkwijk,Feijenoord,13,doelpunt,Jan  Klein
272,1957-05-19,Elinkwijk,Feijenoord,21,doelpunt,Evert-Jan  Vonk
272,1957-05-19,Elinkwijk,Feijenoord,31,doelpunt,Wim de Jongh
272,1957-05-19,Elinkwijk,Feijenoord,40,doelpunt,Evert-Jan  Vonk
272,1957-05-19,Elinkwijk,Feijenoord,46,doelpunt,Cor van der Gijp
272,1957-05-19,Elinkwijk,Feijenoord,82,doelpunt,Wim de Jongh
171,1956-09-02,BVV,Elinkwijk,35,doelpunt,Piet van Overbeek
171,1956-09-02,BVV,Elinkwijk,60,doelpunt,Evert-Jan  Vonk
171,1956-09-02,BVV,Elinkwijk,83,doelpunt,Eef  Westers
32,1957-04-22,PSV,NOAD,5,doelpunt,Ab  Kentie
32,1957-04-22,PSV,NOAD,11,doelpunt,Frits  Louer
32,1957-04-22,PSV,NOAD,20,doelpunt,Coen  Dillen
32,1957-04-22,PSV,NOAD,35,doelpunt,Coen  Dillen
32,1957-04-22,PSV,NOAD,40,doelpunt,Piet  Fransen
32,1957-04-22,PSV,NOAD,65,eigen doelpunt,Eugène  Rensen
172,1957-04-20,BVV,Sparta,10,doelpunt,Lou  Benningshof
172,1957-04-20,BVV,Sparta,14,doelpunt,Max van Beurden
172,1957-04-20,BVV,Sparta,61,doelpunt,Wim van Hintum
172,1957-04-20,BVV,Sparta,75,doelpunt,Tonny van Ede
96,1956-10-21,Willem II,Fortuna '54,15,doelpunt,Henk  Angenent
96,1956-10-21,Willem II,Fortuna '54,24,doelpunt,Bram  Appel
96,1956-10-21,Willem II,Fortuna '54,45,doelpunt,Gerrit de Wit
96,1956-10-21,Willem II,Fortuna '54,54,doelpunt,Henk  Angenent
96,1956-10-21,Willem II,Fortuna '54,70,doelpunt,Piet de Jong
57,1957-03-10,MVV,NAC,29,doelpunt,Louis  Overbeeke
57,1957-03-10,MVV,NAC,67,doelpunt,Frans  Rutten
57,1957-03-10,MVV,NAC,68,doelpunt,Leo  Canjels
57,1957-03-10,MVV,NAC,83,doelpunt,Louis  Overbeeke
140,1956-11-11,SC Enschede,Fortuna '54,18,doelpunt,Arend van der Wel
140,1956-11-11,SC Enschede,Fortuna '54,56,doelpunt,Gerrit  Voges
140,1956-11-11,SC Enschede,Fortuna '54,60,doelpunt,Gerrit  Moddejonge jr.
140,1956-11-11,SC Enschede,Fortuna '54,75,doelpunt,Arend van der Wel
140,1956-11-11,SC Enschede,Fortuna '54,84,doelpunt,Bart  Carlier
110,1956-11-11,Willem II,DOS,17,doelpunt,Tonny van der Linden
110,1956-11-11,Willem II,DOS,19,doelpunt,Nico van Elderen
110,1956-11-11,Willem II,DOS,60,doelpunt,Cor  Luiten
110,1956-11-11,Willem II,DOS,69,doelpunt,Piet de Jong
110,1956-11-11,Willem II,DOS,72,doelpunt,Dirk  Lammers
233,1957-05-12,Fortuna '54,NAC,33,doelpunt,Henk  Angenent
233,1957-05-12,Fortuna '54,NAC,57,doelpunt,Henk  Angenent
233,1957-05-12,Fortuna '54,NAC,67,doelpunt,Louis  Overbeeke
258,1956-11-18,Fortuna '54,PSV,30,doelpunt,Piet  Fransen
258,1956-11-18,Fortuna '54,PSV,44,doelpunt,Piet  Fransen
258,1956-11-18,Fortuna '54,PSV,85,eigen doelpunt,Guus  Rabuda
258,1956-11-18,Fortuna '54,PSV,61,penalty,Henk  Angenent
7,1956-12-30,NOAD,VVV,6,doelpunt,Jan  Meijer
7,1956-12-30,NOAD,VVV,22,doelpunt,Leo  Snijders
7,1956-12-30,NOAD,VVV,57,doelpunt,Gijs  Nass
284,1957-03-31,EVV Eindhoven,MVV,30,doelpunt,Albert  Ummels
284,1957-03-31,EVV Eindhoven,MVV,59,doelpunt,Frans  Rutten
284,1957-03-31,EVV Eindhoven,MVV,85,doelpunt,Albert  Ummels
303,1956-09-09,Elinkwijk,SC Enschede,3,doelpunt,Abe  Lenstra
303,1956-09-09,Elinkwijk,SC Enschede,13,doelpunt,Abe  Lenstra
303,1956-09-09,Elinkwijk,SC Enschede,19,doelpunt,Gerrit  Moddejonge jr.
303,1956-09-09,Elinkwijk,SC Enschede,63,doelpunt,Abe  Lenstra
303,1956-09-09,Elinkwijk,SC Enschede,68,doelpunt,Gerrit  Voges
303,1956-09-09,Elinkwijk,SC Enschede,88,doelpunt,Jan  Klein
257,1957-01-13,GVAV,Fortuna '54,2,doelpunt,Rikkert  La Crois
257,1957-01-13,GVAV,Fortuna '54,65,doelpunt,Johnny de Grooth
196,1957-02-24,Ajax,Rapid JC,61,doelpunt,Wim  Bleijenberg
168,1956-12-23,BVV,GVAV,30,doelpunt,Alie  Kruger
168,1956-12-23,BVV,GVAV,55,doelpunt,Piet van Overbeek
168,1956-12-23,BVV,GVAV,87,doelpunt,Alie  Kruger
297,1956-12-23,Elinkwijk,Rapid JC,20,doelpunt,Heinz  Schaffrath
297,1956-12-23,Elinkwijk,Rapid JC,47,doelpunt,Johan  Adang
297,1956-12-23,Elinkwijk,Rapid JC,52,doelpunt,Eef  Westers
297,1956-12-23,Elinkwijk,Rapid JC,62,doelpunt,Noud van Melis
297,1956-12-23,Elinkwijk,Rapid JC,89,doelpunt,Johan  Adang
223,1957-03-10,BVC Amsterdam,GVAV,29,doelpunt,Heiko  Wolda
108,1957-06-02,Willem II,Elinkwijk,10,doelpunt,Jan  Brooijmans
108,1957-06-02,Willem II,Elinkwijk,72,doelpunt,Gerrit de Wit
108,1957-06-02,Willem II,Elinkwijk,82,doelpunt,Rinus  Formannoy
108,1957-06-02,Willem II,Elinkwijk,89,doelpunt,Rinus  Formannoy
27,1956-10-07,PSV,Willem II,28,doelpunt,Jacques de Wit
27,1956-10-07,PSV,Willem II,71,doelpunt,Harry van Elderen
27,1956-10-07,PSV,Willem II,76,doelpunt,Jan van den Heuvel
27,1956-10-07,PSV,Willem II,78,doelpunt,Jan van Roessel
121,1956-10-28,Sparta,EVV Eindhoven,3,doelpunt,Joop  Daniëls
121,1956-10-28,Sparta,EVV Eindhoven,18,doelpunt,Peet  Geel
121,1956-10-28,Sparta,EVV Eindhoven,42,doelpunt,Joop  Daniëls
121,1956-10-28,Sparta,EVV Eindhoven,65,doelpunt,Ad  Verhoeven
121,1956-10-28,Sparta,EVV Eindhoven,70,doelpunt,Tonny van Ede
121,1956-10-28,Sparta,EVV Eindhoven,80,doelpunt,Joop  Daniëls
18,1956-12-16,GVAV,Willem II,4,doelpunt,Johnny de Grooth
18,1956-12-16,GVAV,Willem II,14,doelpunt,Dick  Hellinga
18,1956-12-16,GVAV,Willem II,22,doelpunt,Johnny de Grooth
18,1956-12-16,GVAV,Willem II,25,doelpunt,Coy  Koopal
18,1956-12-16,GVAV,Willem II,46,doelpunt,Johnny de Grooth
18,1956-12-16,GVAV,Willem II,60,doelpunt,Nico van Elderen
18,1956-12-16,GVAV,Willem II,87,doelpunt,Jan  Brooijmans
18,1956-12-16,GVAV,Willem II,65,penalty,Piet de Koe
197,1957-04-14,Ajax,PSV,73,doelpunt,Wim  Bleijenberg
193,1957-05-05,Ajax,VVV,53,doelpunt,Piet  Ouderland
193,1957-05-05,Ajax,VVV,86,doelpunt,Harrie  Steegh
260,1956-09-23,Fortuna '54,Rapid JC,30,doelpunt,Bram  Appel
260,1956-09-23,Fortuna '54,Rapid JC,47,doelpunt,Henk  Angenent
260,1956-09-23,Fortuna '54,Rapid JC,50,doelpunt,Bram  Appel
260,1956-09-23,Fortuna '54,Rapid JC,60,doelpunt,Bart  Carlier
260,1956-09-23,Fortuna '54,Rapid JC,89,doelpunt,Henk  Angenent
87,1956-10-28,VVV,Willem II,7,doelpunt,Herman  Teeuwen
87,1956-10-28,VVV,Willem II,31,doelpunt,Hay  Lamberts
87,1956-10-28,VVV,Willem II,35,doelpunt,Faas  Wilkes
87,1956-10-28,VVV,Willem II,85,doelpunt,Nico van Elderen
292,1957-01-06,Feijenoord,Elinkwijk,22,doelpunt,Wim de Jongh
292,1957-01-06,Feijenoord,Elinkwijk,29,doelpunt,Aad  Bak
292,1957-01-06,Feijenoord,Elinkwijk,32,doelpunt,Coen  Moulijn
292,1957-01-06,Feijenoord,Elinkwijk,58,doelpunt,Cor van der Gijp
218,1957-04-22,BVC Amsterdam,Rapid JC,41,doelpunt,Hein  Stroucken
218,1957-04-22,BVC Amsterdam,Rapid JC,44,doelpunt,Noud van Melis
218,1957-04-22,BVC Amsterdam,Rapid JC,48,doelpunt,Hein  Stroucken
218,1957-04-22,BVC Amsterdam,Rapid JC,81,doelpunt,Huub  Hanneman
218,1957-04-22,BVC Amsterdam,Rapid JC,85,doelpunt,Noud van Melis
127,1956-09-30,Rapid JC,VVV,15,doelpunt,Johan  Adang
127,1956-09-30,Rapid JC,VVV,16,doelpunt,Huub  Hanneman
150,1957-05-05,Sparta,SC Enschede,65,doelpunt,Peet  Geel
150,1957-05-05,Sparta,SC Enschede,83,doelpunt,Piet de Vries
86,1957-02-24,VVV,Feijenoord,7,doelpunt,Hay  Lamberts
86,1957-02-24,VVV,Feijenoord,17,doelpunt,Cor van der Gijp
86,1957-02-24,VVV,Feijenoord,29,doelpunt,Coen  Moulijn
86,1957-02-24,VVV,Feijenoord,57,doelpunt,Hay  Lamberts
290,1956-12-09,Feijenoord,GVAV,15,doelpunt,Rikkert  La Crois
290,1956-12-09,Feijenoord,GVAV,17,doelpunt,Cor van der Gijp
290,1956-12-09,Feijenoord,GVAV,27,doelpunt,Cor van der Gijp
144,1957-02-03,Sparta,NOAD,22,doelpunt,Tonny van Ede
144,1957-02-03,Sparta,NOAD,85,doelpunt,Peet  Geel
144,1957-02-03,Sparta,NOAD,88,doelpunt,Frits  Louer
45,1957-01-20,MVV,PSV,44,doelpunt,André  Vroemen
45,1957-01-20,MVV,PSV,61,doelpunt,Fons van Wissen
45,1957-01-20,MVV,PSV,65,doelpunt,Frans  Rutten
45,1957-01-20,MVV,PSV,76,doelpunt,Toon  Couwenbergh
45,1957-01-20,MVV,PSV,85,doelpunt,Toon  Couwenbergh
264,1957-02-03,GVAV,Ajax,45,doelpunt,Wim  Bleijenberg
264,1957-02-03,GVAV,Ajax,29,penalty,Piet de Koe
212,1957-03-31,Ajax,BVV,21,doelpunt,Rinus  Michels
69,1956-10-07,NAC,GVAV,1,doelpunt,Piet  Vergouwen
69,1956-10-07,NAC,GVAV,51,penalty,Leo  Canjels
48,1957-03-24,MVV,GVAV,34,doelpunt,Georg  Hecht
48,1957-03-24,MVV,GVAV,26,penalty,Frans  Rutten
270,1957-03-10,EVV Eindhoven,Sparta,22,doelpunt,Peet  Geel
270,1957-03-10,EVV Eindhoven,Sparta,51,doelpunt,Huub  Tielens
270,1957-03-10,EVV Eindhoven,Sparta,90,doelpunt,Huub  Tielens
270,1957-03-10,EVV Eindhoven,Sparta,2,penalty,Piet van Rooy
270,1957-03-10,EVV Eindhoven,Sparta,84,penalty,Tinus  Bosselaar
214,1956-09-09,BVC Amsterdam,Willem II,31,doelpunt,Gerrit de Wit
214,1956-09-09,BVC Amsterdam,Willem II,42,doelpunt,Piet de Jong
214,1956-09-09,BVC Amsterdam,Willem II,48,doelpunt,Coy  Koopal
214,1956-09-09,BVC Amsterdam,Willem II,61,doelpunt,Jan  Brooijmans
214,1956-09-09,BVC Amsterdam,Willem II,80,doelpunt,Piet de Jong
214,1956-09-09,BVC Amsterdam,Willem II,82,doelpunt,Coy  Koopal
305,1956-12-23,Feijenoord,MVV,6,doelpunt,Cor van der Gijp
305,1956-12-23,Feijenoord,MVV,9,doelpunt,Toon  Meerman
305,1956-12-23,Feijenoord,MVV,68,doelpunt,André  Vroemen
305,1956-12-23,Feijenoord,MVV,80,doelpunt,Frans  Rutten
161,1957-02-17,BVV,SC Enschede,3,doelpunt,Arend van der Wel
161,1957-02-17,BVV,SC Enschede,14,doelpunt,Nees  Kerssens
161,1957-02-17,BVV,SC Enschede,53,doelpunt,Arend van der Wel
161,1957-02-17,BVV,SC Enschede,68,doelpunt,Wim  Heijmans
288,1957-06-02,Feijenoord,BVC Amsterdam,7,doelpunt,Toon  Meerman
288,1957-06-02,Feijenoord,BVC Amsterdam,22,doelpunt,Cor van der Gijp
288,1957-06-02,Feijenoord,BVC Amsterdam,70,doelpunt,Wim  Bouwhuis
288,1957-06-02,Feijenoord,BVC Amsterdam,83,penalty,Han  Tolmeyer
68,1956-11-11,Rapid JC,NAC,13,doelpunt,Noud van Melis
68,1956-11-11,Rapid JC,NAC,19,doelpunt,Huub  Hanneman
68,1956-11-11,Rapid JC,NAC,41,doelpunt,Noud van Melis
68,1956-11-11,Rapid JC,NAC,43,doelpunt,Huub  Hanneman
68,1956-11-11,Rapid JC,NAC,60,doelpunt,Huub  Bisschops
68,1956-11-11,Rapid JC,NAC,70,doelpunt,Leo  Canjels
296,1956-11-11,Feijenoord,Ajax,14,doelpunt,Daan den Bleijker
296,1956-11-11,Feijenoord,Ajax,23,doelpunt,Daan den Bleijker
296,1956-11-11,Feijenoord,Ajax,26,doelpunt,Cor van der Gijp
296,1956-11-11,Feijenoord,Ajax,37,doelpunt,Daan den Bleijker
296,1956-11-11,Feijenoord,Ajax,44,doelpunt,Cor van der Gijp
296,1956-11-11,Feijenoord,Ajax,51,doelpunt,Wim  Bleijenberg
296,1956-11-11,Feijenoord,Ajax,52,doelpunt,Henk  Schouten
296,1956-11-11,Feijenoord,Ajax,64,doelpunt,Daan den Bleijker
296,1956-11-11,Feijenoord,Ajax,85,doelpunt,Rinus  Michels
296,1956-11-11,Feijenoord,Ajax,88,doelpunt,Piet  Ouderland
147,1957-04-07,SC Enschede,Ajax,87,doelpunt,Piet van der Kuil
155,1957-01-20,EVV Eindhoven,Fortuna '54,7,doelpunt,Jean  Munsters
155,1957-01-20,EVV Eindhoven,Fortuna '54,9,doelpunt,Henk  Angenent
155,1957-01-20,EVV Eindhoven,Fortuna '54,18,doelpunt,Bart  Carlier
155,1957-01-20,EVV Eindhoven,Fortuna '54,47,doelpunt,Dick  Snoek
155,1957-01-20,EVV Eindhoven,Fortuna '54,80,doelpunt,André  Ravenstein
155,1957-01-20,EVV Eindhoven,Fortuna '54,84,doelpunt,Bart  Carlier
187,1957-06-02,DOS,NAC,54,doelpunt,Dirk  Lammers
187,1957-06-02,DOS,NAC,65,doelpunt,Gerrit  Krommert
187,1957-06-02,DOS,NAC,75,doelpunt,Tonny van der Linden
187,1957-06-02,DOS,NAC,82,doelpunt,Louis  Overbeeke
187,1957-06-02,DOS,NAC,53,penalty,Henk  Temming
22,1957-04-07,Rapid JC,EVV Eindhoven,16,doelpunt,Jan  Louwers
65,1957-03-17,NAC,Rapid JC,44,doelpunt,Piet  Vergouwen
65,1957-03-17,NAC,Rapid JC,50,doelpunt,Huub  Hanneman
80,1957-03-31,VVV,PSV,1,doelpunt,Coen  Dillen
80,1957-03-31,VVV,PSV,5,doelpunt,Coen  Dillen
80,1957-03-31,VVV,PSV,34,doelpunt,Coen  Dillen
80,1957-03-31,VVV,PSV,59,doelpunt,Hans  Sleven
80,1957-03-31,VVV,PSV,70,doelpunt,Piet  Fransen
80,1957-03-31,VVV,PSV,75,doelpunt,Theo  Buenen
273,1956-12-09,Elinkwijk,EVV Eindhoven,4,doelpunt,Bertus van Beek
273,1956-12-09,Elinkwijk,EVV Eindhoven,32,doelpunt,Jan  Klein
273,1956-12-09,Elinkwijk,EVV Eindhoven,34,doelpunt,Bertus van Beek
273,1956-12-09,Elinkwijk,EVV Eindhoven,48,doelpunt,Wim de Jongh
273,1956-12-09,Elinkwijk,EVV Eindhoven,51,doelpunt,Jan  Hertogh
273,1956-12-09,Elinkwijk,EVV Eindhoven,18,eigen doelpunt,Cor  Vlemmix
273,1956-12-09,Elinkwijk,EVV Eindhoven,87,eigen doelpunt,Job  Gademans
29,1956-10-28,PSV,SC Enschede,11,doelpunt,Gerrit  Moddejonge jr.
29,1956-10-28,PSV,SC Enschede,16,doelpunt,Arend van der Wel
29,1956-10-28,PSV,SC Enschede,23,doelpunt,Gerrit  Moddejonge jr.
29,1956-10-28,PSV,SC Enschede,47,doelpunt,Arend van der Wel
29,1956-10-28,PSV,SC Enschede,52,doelpunt,Gerrit  Voges
29,1956-10-28,PSV,SC Enschede,85,doelpunt,Coen  Dillen
84,1956-09-02,VVV,GVAV,17,doelpunt,Herman  Teeuwen
74,1957-01-13,NAC,DOS,27,doelpunt,Cor  Luiten
74,1957-01-13,NAC,DOS,35,doelpunt,Jan van Hoogenhuizen
74,1957-01-13,NAC,DOS,38,doelpunt,Tonny van der Linden
74,1957-01-13,NAC,DOS,58,doelpunt,Tonny van der Linden
74,1957-01-13,NAC,DOS,68,doelpunt,Leo  Canjels
74,1957-01-13,NAC,DOS,75,doelpunt,Louis  Overbeeke
74,1957-01-13,NAC,DOS,85,doelpunt,Tonny van der Linden
74,1957-01-13,NAC,DOS,87,doelpunt,Cock  Luyten
49,1956-09-23,NAC,BVC Amsterdam,20,doelpunt,Piet  Vergouwen
49,1956-09-23,NAC,BVC Amsterdam,40,doelpunt,Louis  Overbeeke
49,1956-09-23,NAC,BVC Amsterdam,42,doelpunt,Piet  Vergouwen
49,1956-09-23,NAC,BVC Amsterdam,52,doelpunt,Loek  Feijen
299,1957-03-10,Feijenoord,DOS,6,doelpunt,Dirk  Lammers
299,1957-03-10,Feijenoord,DOS,9,doelpunt,Toon  Meerman
299,1957-03-10,Feijenoord,DOS,19,doelpunt,Tinus  Osterholt
299,1957-03-10,Feijenoord,DOS,23,doelpunt,Cor van der Gijp
299,1957-03-10,Feijenoord,DOS,75,doelpunt,Cor van der Gijp
299,1957-03-10,Feijenoord,DOS,88,doelpunt,Cor van der Gijp
185,1956-12-02,DOS,PSV,1,doelpunt,Tonny van der Linden
185,1956-12-02,DOS,PSV,13,doelpunt,Coen  Dillen
185,1956-12-02,DOS,PSV,26,doelpunt,Jan van den Heuvel
185,1956-12-02,DOS,PSV,35,doelpunt,Tonny van der Linden
185,1956-12-02,DOS,PSV,40,doelpunt,Piet  Fransen
185,1956-12-02,DOS,PSV,48,doelpunt,Toon  Brusselers
185,1956-12-02,DOS,PSV,61,doelpunt,Coen  Dillen
185,1956-12-02,DOS,PSV,68,doelpunt,Jan van den Heuvel
185,1956-12-02,DOS,PSV,75,doelpunt,Coen  Dillen
185,1956-12-02,DOS,PSV,89,doelpunt,Coen  Dillen
145,1956-10-07,SC Enschede,BVV,29,doelpunt,Abe  Lenstra
145,1956-10-07,SC Enschede,BVV,48,doelpunt,Gerrit  Moddejonge jr.
145,1956-10-07,SC Enschede,BVV,66,doelpunt,Joop  Janssen
145,1956-10-07,SC Enschede,BVV,80,doelpunt,Abe  Lenstra
145,1956-10-07,SC Enschede,BVV,90,doelpunt,Mari van Bergen
167,1957-01-06,BVV,MVV,14,doelpunt,Max van Beurden
167,1957-01-06,BVV,MVV,15,doelpunt,Max van Beurden
220,1957-01-20,BVC Amsterdam,NOAD,44,doelpunt,Henk van der Sluis
88,1957-01-27,VVV,EVV Eindhoven,20,doelpunt,Piet van Rooy
88,1957-01-27,VVV,EVV Eindhoven,81,doelpunt,Gijs  Nass
88,1957-01-27,VVV,EVV Eindhoven,90,doelpunt,Herman  Teeuwen
244,1956-10-21,Feijenoord,VVV,30,doelpunt,Toon  Meerman
244,1956-10-21,Feijenoord,VVV,85,doelpunt,Henk  Schouten
244,1956-10-21,Feijenoord,VVV,87,doelpunt,Aad  Bak
103,1957-04-07,Willem II,NAC,10,doelpunt,Leo  Canjels
103,1957-04-07,Willem II,NAC,39,doelpunt,Piet de Jong
103,1957-04-07,Willem II,NAC,49,doelpunt,Cock  Luyten
103,1957-04-07,Willem II,NAC,78,doelpunt,Cees  Bruyninckx
103,1957-04-07,Willem II,NAC,85,doelpunt,Nico van Elderen
103,1957-04-07,Willem II,NAC,89,doelpunt,Louis  Overbeeke
25,1956-12-16,Rapid JC,BVC Amsterdam,28,doelpunt,Huub  Bisschops
25,1956-12-16,Rapid JC,BVC Amsterdam,40,doelpunt,Noud van Melis
25,1956-12-16,Rapid JC,BVC Amsterdam,47,doelpunt,Loek  Feijen
25,1956-12-16,Rapid JC,BVC Amsterdam,61,doelpunt,Aad  Baselaar
11,1956-09-23,PSV,Elinkwijk,15,doelpunt,Evert-Jan  Vonk
11,1956-09-23,PSV,Elinkwijk,30,doelpunt,Wim de Jongh
11,1956-09-23,PSV,Elinkwijk,62,doelpunt,Evert-Jan  Vonk
306,1956-11-11,Elinkwijk,NOAD,5,doelpunt,Ab  Kentie
306,1956-11-11,Elinkwijk,NOAD,12,doelpunt,Jan  Klein
306,1956-11-11,Elinkwijk,NOAD,26,doelpunt,Jan  Meijer
306,1956-11-11,Elinkwijk,NOAD,39,doelpunt,Bertus van Beek
306,1956-11-11,Elinkwijk,NOAD,65,doelpunt,Jan  Meijer
60,1957-01-13,NOAD,Ajax,25,doelpunt,Gé van Dijk
60,1957-01-13,NOAD,Ajax,31,doelpunt,Willy  Schmidt
60,1957-01-13,NOAD,Ajax,40,doelpunt,Klaas  Bakker
60,1957-01-13,NOAD,Ajax,42,doelpunt,Gé van Dijk
60,1957-01-13,NOAD,Ajax,85,doelpunt,Jan  Meijer
151,1956-11-18,Sparta,Rapid JC,1,doelpunt,Wim van der Waal
151,1956-11-18,Sparta,Rapid JC,16,doelpunt,Peet  Geel
151,1956-11-18,Sparta,Rapid JC,30,doelpunt,Peet  Geel
151,1956-11-18,Sparta,Rapid JC,47,doelpunt,Huub  Hanneman
151,1956-11-18,Sparta,Rapid JC,63,doelpunt,Huub  Bisschops
151,1956-11-18,Sparta,Rapid JC,73,doelpunt,Ad  Verhoeven
151,1956-11-18,Sparta,Rapid JC,50,penalty,Wiel  Smeets
85,1956-12-26,VVV,SC Enschede,73,doelpunt,Arend van der Wel
224,1957-03-27,BVC Amsterdam,Fortuna '54,17,doelpunt,Bram  Appel
224,1957-03-27,BVC Amsterdam,Fortuna '54,32,doelpunt,Henk van der Sluis
166,1956-12-09,BVV,NAC,16,doelpunt,Piet van Overbeek
166,1956-12-09,BVV,NAC,18,doelpunt,Piet van Overbeek
166,1956-12-09,BVV,NAC,19,doelpunt,Nees  Kerssens
166,1956-12-09,BVV,NAC,32,doelpunt,Max van Beurden
166,1956-12-09,BVV,NAC,43,doelpunt,Wim  Heijmans
166,1956-12-09,BVV,NAC,52,doelpunt,Nees  Kerssens
166,1956-12-09,BVV,NAC,62,doelpunt,Max van Beurden
166,1956-12-09,BVV,NAC,85,doelpunt,Nees  Kerssens
183,1957-02-10,BVV,BVC Amsterdam,1,doelpunt,Wim  Heijmans
183,1957-02-10,BVV,BVC Amsterdam,42,doelpunt,Piet van Overbeek
183,1957-02-10,BVV,BVC Amsterdam,46,doelpunt,Ben  Weenink
183,1957-02-10,BVV,BVC Amsterdam,56,doelpunt,Piet van Overbeek
183,1957-02-10,BVV,BVC Amsterdam,58,doelpunt,Nees  Kerssens
183,1957-02-10,BVV,BVC Amsterdam,82,doelpunt,Max van Beurden
183,1957-02-10,BVV,BVC Amsterdam,52,penalty,Han  Tolmeyer
237,1957-02-10,Fortuna '54,Elinkwijk,21,doelpunt,Driek van 't Hoofd
237,1957-02-10,Fortuna '54,Elinkwijk,27,doelpunt,Jean  Munsters
237,1957-02-10,Fortuna '54,Elinkwijk,35,doelpunt,Henk  Angenent
237,1957-02-10,Fortuna '54,Elinkwijk,44,doelpunt,Bram  Appel
237,1957-02-10,Fortuna '54,Elinkwijk,50,doelpunt,Jean  Munsters
237,1957-02-10,Fortuna '54,Elinkwijk,57,doelpunt,Bart  Carlier
237,1957-02-10,Fortuna '54,Elinkwijk,58,doelpunt,Bart  Carlier
237,1957-02-10,Fortuna '54,Elinkwijk,61,doelpunt,Bart  Carlier
237,1957-02-10,Fortuna '54,Elinkwijk,70,doelpunt,Evert-Jan  Vonk
293,1957-04-22,Feijenoord,EVV Eindhoven,67,doelpunt,Cor van der Gijp
293,1957-04-22,Feijenoord,EVV Eindhoven,78,doelpunt,Toon  Meerman
293,1957-04-22,Feijenoord,EVV Eindhoven,80,doelpunt,Cor van der Gijp
293,1957-04-22,Feijenoord,EVV Eindhoven,65,penalty,Gerard  Kerkum
2,1957-05-19,NOAD,DOS,20,doelpunt,Jan  Meijer
2,1957-05-19,NOAD,DOS,25,doelpunt,Dirk  Lammers
2,1957-05-19,NOAD,DOS,53,doelpunt,Ab  Kentie
2,1957-05-19,NOAD,DOS,70,doelpunt,Huub van der Heyden
2,1957-05-19,NOAD,DOS,71,doelpunt,Frits  Louer
2,1957-05-19,NOAD,DOS,?,doelpunt,Bart  Janssen
194,1956-12-02,Ajax,SC Enschede,22,doelpunt,Wim  Bleijenberg
194,1956-12-02,Ajax,SC Enschede,24,doelpunt,Wim  Feldmann
194,1956-12-02,Ajax,SC Enschede,51,doelpunt,Arend van der Wel
141,1956-09-23,SC Enschede,Feijenoord,7,doelpunt,Daan den Bleijker
141,1956-09-23,SC Enschede,Feijenoord,36,doelpunt,Henny  Oonk
141,1956-09-23,SC Enschede,Feijenoord,60,doelpunt,Piet  Steenbergen
141,1956-09-23,SC Enschede,Feijenoord,65,doelpunt,Abe  Lenstra
141,1956-09-23,SC Enschede,Feijenoord,90,doelpunt,Gidi  Jacobs
209,1956-12-09,Rapid JC,MVV,56,doelpunt,Wiel  Coerver
209,1956-12-09,Rapid JC,MVV,85,doelpunt,Piet van Dijk
3,1957-02-24,PSV,BVV,3,doelpunt,Piet  Fransen
3,1957-02-24,PSV,BVV,13,doelpunt,Nees  Kerssens
3,1957-02-24,PSV,BVV,27,doelpunt,Wim  Heijmans
3,1957-02-24,PSV,BVV,48,doelpunt,Coen  Dillen
3,1957-02-24,PSV,BVV,61,doelpunt,Piet van Overbeek
3,1957-02-24,PSV,BVV,71,doelpunt,Wim  Heijmans
3,1957-02-24,PSV,BVV,83,doelpunt,Nees  Kerssens
17,1957-03-17,NOAD,Elinkwijk,44,doelpunt,Frits  Louer
17,1957-03-17,NOAD,Elinkwijk,45,doelpunt,Tini van Osch
17,1957-03-17,NOAD,Elinkwijk,47,doelpunt,Tini van Osch
17,1957-03-17,NOAD,Elinkwijk,48,doelpunt,Wim de Jongh
17,1957-03-17,NOAD,Elinkwijk,54,doelpunt,Wim de Jongh
17,1957-03-17,NOAD,Elinkwijk,90,doelpunt,Bertus van Beek
189,1957-01-27,DOS,GVAV,5,doelpunt,Tonny van der Linden
189,1957-01-27,DOS,GVAV,20,doelpunt,Dirk  Lammers
189,1957-01-27,DOS,GVAV,23,doelpunt,Tonny van der Linden
189,1957-01-27,DOS,GVAV,25,doelpunt,Tonny van der Linden
189,1957-01-27,DOS,GVAV,51,doelpunt,Tonny van der Linden
189,1957-01-27,DOS,GVAV,65,doelpunt,Dirk  Lammers
189,1957-01-27,DOS,GVAV,59,penalty,Henk  Temming
189,1957-01-27,DOS,GVAV,62,penalty,Piet de Koe
102,1957-04-30,Willem II,NOAD,27,doelpunt,Jan  Meijer
102,1957-04-30,Willem II,NOAD,73,doelpunt,Jan van Roessel
102,1957-04-30,Willem II,NOAD,75,doelpunt,Ruud de Chêne
262,1957-05-05,GVAV,BVV,8,doelpunt,Johnny de Grooth
262,1957-05-05,GVAV,BVV,28,doelpunt,Wim van Hintum
262,1957-05-05,GVAV,BVV,38,doelpunt,Alie  Kruger
262,1957-05-05,GVAV,BVV,65,doelpunt,Henk  Meuken
262,1957-05-05,GVAV,BVV,76,doelpunt,Max van Beurden
15,1957-05-05,NOAD,Fortuna '54,49,doelpunt,Tini van Osch
15,1957-05-05,NOAD,Fortuna '54,69,doelpunt,Cor van der Hart
15,1957-05-05,NOAD,Fortuna '54,75,doelpunt,Bart  Carlier
115,1956-09-09,Sparta,Ajax,28,doelpunt,Loek den Edel
115,1956-09-09,Sparta,Ajax,71,doelpunt,Wim  Bleijenberg
115,1956-09-09,Sparta,Ajax,40,eigen doelpunt,Cor  Geelhuizen
283,1956-10-21,EVV Eindhoven,NAC,27,doelpunt,Jan  Louwers
283,1956-10-21,EVV Eindhoven,NAC,35,doelpunt,Jan  Louwers
283,1956-10-21,EVV Eindhoven,NAC,62,doelpunt,Cock  Luyten
283,1956-10-21,EVV Eindhoven,NAC,75,doelpunt,Leo  Canjels
245,1957-02-03,Feijenoord,SC Enschede,1,doelpunt,Cor van der Gijp
245,1957-02-03,Feijenoord,SC Enschede,25,doelpunt,Gerrit  Moddejonge jr.
245,1957-02-03,Feijenoord,SC Enschede,27,doelpunt,Gerrit  Voges
245,1957-02-03,Feijenoord,SC Enschede,60,doelpunt,Toon  Meerman
162,1957-02-24,DOS,Elinkwijk,21,doelpunt,Wim de Jongh
162,1957-02-24,DOS,Elinkwijk,55,doelpunt,Jan  Klein
162,1957-02-24,DOS,Elinkwijk,65,doelpunt,Gerrit  Krommert
162,1957-02-24,DOS,Elinkwijk,67,doelpunt,Luc  Flad
162,1957-02-24,DOS,Elinkwijk,73,doelpunt,Eef  Westers
226,1957-05-12,BVC Amsterdam,Elinkwijk,23,doelpunt,Wim de Jongh
226,1957-05-12,BVC Amsterdam,Elinkwijk,60,doelpunt,Wim de Jongh
226,1957-05-12,BVC Amsterdam,Elinkwijk,87,doelpunt,Henk  Meijer
89,1957-04-22,VVV,DOS,42,doelpunt,Gerrit  Krommert
227,1957-03-24,BVC Amsterdam,EVV Eindhoven,32,doelpunt,Huub  Tielens
227,1957-03-24,BVC Amsterdam,EVV Eindhoven,76,doelpunt,Cees  Kick
227,1957-03-24,BVC Amsterdam,EVV Eindhoven,90,doelpunt,Henk van der Sluis
240,1956-10-28,Fortuna '54,BVV,56,doelpunt,Jan  Notermans
240,1956-10-28,Fortuna '54,BVV,56,doelpunt,Wim  Heijmans
240,1956-10-28,Fortuna '54,BVV,57,doelpunt,Bram  Appel
240,1956-10-28,Fortuna '54,BVV,85,doelpunt,Henk  Angenent
240,1956-10-28,Fortuna '54,BVV,60,penalty,Henk  Angenent
64,1957-02-10,NAC,Sparta,3,doelpunt,Wim van der Gijp
64,1957-02-10,NAC,Sparta,22,doelpunt,Piet  Vergouwen
64,1957-02-10,NAC,Sparta,26,doelpunt,Jan van Hoogenhuizen
64,1957-02-10,NAC,Sparta,52,doelpunt,Tinus  Bosselaar
64,1957-02-10,NAC,Sparta,72,doelpunt,Hans de Koning
64,1957-02-10,NAC,Sparta,77,doelpunt,Piet de Vries
64,1957-02-10,NAC,Sparta,5,penalty,Leo  Canjels
31,1957-01-27,PSV,Rapid JC,7,doelpunt,Coen  Dillen
31,1957-01-27,PSV,Rapid JC,23,doelpunt,Johan  Adang
31,1957-01-27,PSV,Rapid JC,26,doelpunt,Piet  Fransen
31,1957-01-27,PSV,Rapid JC,48,doelpunt,Coen  Dillen
31,1957-01-27,PSV,Rapid JC,82,doelpunt,Coen  Dillen
95,1956-12-02,VVV,Fortuna '54,37,doelpunt,Wim  Huis
95,1956-12-02,VVV,Fortuna '54,56,doelpunt,Herman  Teeuwen
95,1956-12-02,VVV,Fortuna '54,60,doelpunt,Herman  Teeuwen
95,1956-12-02,VVV,Fortuna '54,61,doelpunt,Bram  Appel
95,1956-12-02,VVV,Fortuna '54,85,doelpunt,André  Ravenstein
287,1957-05-05,EVV Eindhoven,Willem II,11,doelpunt,Jan  Louwers
287,1957-05-05,EVV Eindhoven,Willem II,40,doelpunt,Coy  Koopal
287,1957-05-05,EVV Eindhoven,Willem II,55,doelpunt,Dick  Snoek
287,1957-05-05,EVV Eindhoven,Willem II,57,doelpunt,Nico van Elderen
287,1957-05-05,EVV Eindhoven,Willem II,74,doelpunt,Coy  Koopal
255,1957-02-17,GVAV,NAC,1,doelpunt,Louis  Overbeeke
255,1957-02-17,GVAV,NAC,22,doelpunt,Leo  Canjels
255,1957-02-17,GVAV,NAC,87,doelpunt,Klaas  Buist
195,1957-01-27,Ajax,Sparta,15,doelpunt,Wim  Bleijenberg
195,1957-01-27,Ajax,Sparta,55,doelpunt,Piet de Vries
195,1957-01-27,Ajax,Sparta,70,doelpunt,Willy  Schmidt
280,1956-12-02,EVV Eindhoven,Rapid JC,50,doelpunt,Huub  Hanneman
280,1956-12-02,EVV Eindhoven,Rapid JC,84,doelpunt,Huub  Bisschops
261,1956-09-09,GVAV,DOS,20,doelpunt,Dirk  Lammers
261,1956-09-09,GVAV,DOS,24,doelpunt,Rikkert  La Crois
261,1956-09-09,GVAV,DOS,36,doelpunt,Rikkert  La Crois
261,1956-09-09,GVAV,DOS,42,doelpunt,Dirk  Lammers
261,1956-09-09,GVAV,DOS,63,doelpunt,Rikkert  La Crois
281,1957-01-13,EVV Eindhoven,PSV,62,doelpunt,Coen  Dillen
281,1957-01-13,EVV Eindhoven,PSV,82,doelpunt,Piet  Fransen
123,1956-12-23,SC Enschede,Sparta,48,doelpunt,Peet  Geel
123,1956-12-23,SC Enschede,Sparta,55,doelpunt,Abe  Lenstra
204,1956-10-28,Ajax,Elinkwijk,8,doelpunt,Wim  Bleijenberg
51,1956-12-16,MVV,Elinkwijk,84,doelpunt,Chris  Coenen
51,1956-12-16,MVV,Elinkwijk,87,doelpunt,André  Vroemen
79,1957-02-10,VVV,Rapid JC,6,doelpunt,Hans  Sleven
79,1957-02-10,VVV,Rapid JC,30,doelpunt,Hans  Sleven
79,1957-02-10,VVV,Rapid JC,71,doelpunt,Johan  Adang
146,1957-02-24,SC Enschede,BVC Amsterdam,60,doelpunt,Cees  Kick
146,1957-02-24,SC Enschede,BVC Amsterdam,87,doelpunt,Henk van der Sluis
146,1957-02-24,SC Enschede,BVC Amsterdam,88,doelpunt,Abe  Lenstra
70,1956-12-30,NAC,Fortuna '54,12,doelpunt,Bram  Appel
70,1956-12-30,NAC,Fortuna '54,65,doelpunt,Henk  Angenent
271,1956-09-30,Elinkwijk,Fortuna '54,25,doelpunt,Wim  Huis
271,1956-09-30,Elinkwijk,Fortuna '54,49,doelpunt,Wim  Huis
271,1956-09-30,Elinkwijk,Fortuna '54,62,doelpunt,Wim de Jongh
271,1956-09-30,Elinkwijk,Fortuna '54,28,penalty,Evert-Jan  Vonk
210,1956-10-07,Ajax,MVV,31,doelpunt,Piet van der Kuil
210,1956-10-07,Ajax,MVV,68,doelpunt,Wim  Bleijenberg
186,1957-01-06,DOS,NOAD,37,doelpunt,Tonny van der Linden
186,1957-01-06,DOS,NOAD,42,doelpunt,Tonny van der Linden
186,1957-01-06,DOS,NOAD,58,doelpunt,Martinus  Okhuijsen
186,1957-01-06,DOS,NOAD,64,doelpunt,Jan  Meijer
231,1957-03-31,Fortuna '54,BVC Amsterdam,52,doelpunt,Henk  Angenent
231,1957-03-31,Fortuna '54,BVC Amsterdam,82,doelpunt,Bart  Carlier
231,1957-03-31,Fortuna '54,BVC Amsterdam,87,doelpunt,Henk  Angenent
148,1957-04-14,Sparta,Willem II,32,doelpunt,Tinus  Bosselaar
148,1957-04-14,Sparta,Willem II,47,doelpunt,Lou  Benningshof
148,1957-04-14,Sparta,Willem II,80,doelpunt,Peet  Geel
148,1957-04-14,Sparta,Willem II,70,penalty,Coy  Koopal
114,1957-05-12,Willem II,MVV,3,doelpunt,Gerrit de Wit
114,1957-05-12,Willem II,MVV,8,doelpunt,Chris  Coenen
114,1957-05-12,Willem II,MVV,14,doelpunt,Coy  Koopal
114,1957-05-12,Willem II,MVV,25,doelpunt,Piet de Jong
114,1957-05-12,Willem II,MVV,34,doelpunt,Rinus  Formannoy
114,1957-05-12,Willem II,MVV,35,doelpunt,Piet de Jong
114,1957-05-12,Willem II,MVV,71,doelpunt,Frans  Rutten
252,1956-10-21,GVAV,Sparta,27,doelpunt,Joop  Daniëls
252,1956-10-21,GVAV,Sparta,83,doelpunt,Alie  Kruger
252,1956-10-21,GVAV,Sparta,84,doelpunt,Tonny van Ede
252,1956-10-21,GVAV,Sparta,86,doelpunt,Henk  Medema
230,1956-11-11,BVC Amsterdam,PSV,55,doelpunt,Ben  Weenink
230,1956-11-11,BVC Amsterdam,PSV,56,doelpunt,Piet  Fransen
230,1956-11-11,BVC Amsterdam,PSV,76,doelpunt,Piet  Fransen
230,1956-11-11,BVC Amsterdam,PSV,77,doelpunt,Coen  Dillen
126,1957-05-19,Rapid JC,Willem II,3,doelpunt,Huub  Janssen
126,1957-05-19,Rapid JC,Willem II,5,doelpunt,Coy  Koopal
126,1957-05-19,Rapid JC,Willem II,7,doelpunt,Nico van Elderen
126,1957-05-19,Rapid JC,Willem II,20,doelpunt,Huub  Janssen
126,1957-05-19,Rapid JC,Willem II,43,doelpunt,Huub  Bisschops
126,1957-05-19,Rapid JC,Willem II,69,doelpunt,Nico van Elderen
156,1956-11-18,DOS,BVV,50,doelpunt,Henk  Quaadvliet
156,1956-11-18,DOS,BVV,55,doelpunt,Piet van Overbeek
156,1956-11-18,DOS,BVV,81,doelpunt,Daan  Netten
156,1956-11-18,DOS,BVV,90,doelpunt,Andries  Nagtegaal
243,1957-01-20,Feijenoord,Willem II,55,doelpunt,Jan van Roessel
243,1957-01-20,Feijenoord,Willem II,75,doelpunt,Cor van der Gijp
243,1957-01-20,Feijenoord,Willem II,4,penalty,Gerard  Kerkum
76,1957-05-05,NAC,PSV,18,doelpunt,Frans  Bouwmeester
76,1957-05-05,NAC,PSV,39,doelpunt,Louis  Overbeeke
76,1957-05-05,NAC,PSV,50,doelpunt,Frans  Bouwmeester
267,1957-03-17,Fortuna '54,SC Enschede,16,doelpunt,André  Ravenstein
267,1957-03-17,Fortuna '54,SC Enschede,40,doelpunt,Bram  Appel
267,1957-03-17,Fortuna '54,SC Enschede,59,doelpunt,Henny  Oonk
267,1957-03-17,Fortuna '54,SC Enschede,80,doelpunt,Bram  Appel
267,1957-03-17,Fortuna '54,SC Enschede,83,doelpunt,Jeu  Voncken
39,1956-09-09,MVV,Fortuna '54,89,doelpunt,Jo  Toennaer
302,1956-11-25,Elinkwijk,Sparta,23,doelpunt,Tinus  Bosselaar
302,1956-11-25,Elinkwijk,Sparta,29,doelpunt,Jan  Klein
302,1956-11-25,Elinkwijk,Sparta,30,doelpunt,Tinus  Bosselaar
302,1956-11-25,Elinkwijk,Sparta,66,doelpunt,Tonny van Ede
163,1957-06-02,BVV,Rapid JC,1,doelpunt,Daan  Netten
163,1957-06-02,BVV,Rapid JC,34,doelpunt,Max van Beurden
163,1957-06-02,BVV,Rapid JC,38,doelpunt,Huub  Bisschops
163,1957-06-02,BVV,Rapid JC,55,doelpunt,Bart van Engelen
40,1956-10-07,NOAD,EVV Eindhoven,46,doelpunt,Herman  Damen
40,1956-10-07,NOAD,EVV Eindhoven,88,doelpunt,Ab  Kentie
202,1956-09-30,BVC Amsterdam,BVV,7,doelpunt,Wim  Heijmans
202,1956-09-30,BVC Amsterdam,BVV,17,doelpunt,Cees  Kick
202,1956-09-30,BVC Amsterdam,BVV,67,doelpunt,Wim  Heijmans
202,1956-09-30,BVC Amsterdam,BVV,71,doelpunt,Loek  Feijen
202,1956-09-30,BVC Amsterdam,BVV,15,penalty,Han  Tolmeyer
97,1957-03-10,Willem II,VVV,20,doelpunt,Faas  Wilkes
97,1957-03-10,Willem II,VVV,39,doelpunt,Jan  Brooijmans
97,1957-03-10,Willem II,VVV,44,doelpunt,Coy  Koopal
97,1957-03-10,Willem II,VVV,46,doelpunt,Jozef  Theuws
97,1957-03-10,Willem II,VVV,60,doelpunt,Gerrit de Wit
97,1957-03-10,Willem II,VVV,71,doelpunt,Piet de Jong
97,1957-03-10,Willem II,VVV,73,doelpunt,Herman  Teeuwen
97,1957-03-10,Willem II,VVV,78,doelpunt,Jan  Brooijmans
97,1957-03-10,Willem II,VVV,58,penalty,Gerrit de Wit
254,1956-09-30,GVAV,NOAD,32,doelpunt,Alie  Kruger
254,1956-09-30,GVAV,NOAD,66,doelpunt,Piet de Koe
38,1956-11-25,PSV,VVV,38,doelpunt,Willy  Heger
249,1956-12-09,Fortuna '54,DOS,23,doelpunt,Bram  Appel
249,1956-12-09,Fortuna '54,DOS,32,doelpunt,Henk  Angenent
249,1956-12-09,Fortuna '54,DOS,56,penalty,Henk  Temming
249,1956-12-09,Fortuna '54,DOS,73,penalty,Henk  Angenent
249,1956-12-09,Fortuna '54,DOS,82,penalty,Henk  Angenent
164,1956-10-28,DOS,Feijenoord,7,doelpunt,Tonny van der Linden
164,1956-10-28,DOS,Feijenoord,30,doelpunt,Gerrit  Krommert
164,1956-10-28,DOS,Feijenoord,65,doelpunt,Dirk  Lammers
164,1956-10-28,DOS,Feijenoord,68,doelpunt,Dirk  Lammers
263,1956-10-28,GVAV,BVC Amsterdam,15,doelpunt,Leen  Corbran
263,1956-10-28,GVAV,BVC Amsterdam,48,doelpunt,Klaas  Buist
35,1957-01-06,PSV,GVAV,1,doelpunt,Johnny de Grooth
35,1957-01-06,PSV,GVAV,29,doelpunt,Coen  Dillen
35,1957-01-06,PSV,GVAV,64,doelpunt,Coen  Dillen
35,1957-01-06,PSV,GVAV,85,doelpunt,Jan van den Heuvel
35,1957-01-06,PSV,GVAV,86,doelpunt,Piet  Fransen
35,1957-01-06,PSV,GVAV,78,eigen doelpunt,Rem  Been
35,1957-01-06,PSV,GVAV,5,penalty,Piet de Koe
279,1957-03-10,Elinkwijk,Ajax,20,doelpunt,Bertus van Beek
279,1957-03-10,Elinkwijk,Ajax,73,doelpunt,Piet van der Kuil
279,1957-03-10,Elinkwijk,Ajax,78,doelpunt,Willy  Schmidt
113,1957-03-24,Willem II,Ajax,6,doelpunt,Willy  Schmidt
136,1956-12-09,SC Enschede,NOAD,8,doelpunt,Jan  Meijer
136,1956-12-09,SC Enschede,NOAD,48,doelpunt,Joop  Janssen
63,1956-12-16,NAC,SC Enschede,29,doelpunt,Abe  Lenstra
63,1956-12-16,NAC,SC Enschede,61,doelpunt,Jan van Hoogenhuizen
122,1957-01-20,Sparta,DOS,3,doelpunt,Tonny van Ede
122,1957-01-20,Sparta,DOS,11,doelpunt,Tinus  Bosselaar
122,1957-01-20,Sparta,DOS,26,doelpunt,Tinus  Bosselaar
122,1957-01-20,Sparta,DOS,40,doelpunt,Piet de Vries
122,1957-01-20,Sparta,DOS,48,doelpunt,Henk  Temming
122,1957-01-20,Sparta,DOS,72,doelpunt,Cor  Luiten
75,1957-04-14,NAC,BVV,17,doelpunt,Louis  Overbeeke
179,1956-09-30,EVV Eindhoven,Ajax,6,doelpunt,Loek den Edel
179,1956-09-30,EVV Eindhoven,Ajax,13,doelpunt,Loek den Edel
179,1956-09-30,EVV Eindhoven,Ajax,88,doelpunt,Wim  Bleijenberg
153,1957-01-27,SC Enschede,Elinkwijk,36,doelpunt,Reinier  Kreijermaat
153,1957-01-27,SC Enschede,Elinkwijk,52,doelpunt,Henny  Oonk
153,1957-01-27,SC Enschede,Elinkwijk,62,doelpunt,Abe  Lenstra
153,1957-01-27,SC Enschede,Elinkwijk,83,doelpunt,Arend van der Wel
153,1957-01-27,SC Enschede,Elinkwijk,90,doelpunt,Jan  Klein
153,1957-01-27,SC Enschede,Elinkwijk,73,eigen doelpunt,Wim  Onink
138,1957-06-02,SC Enschede,MVV,20,doelpunt,Frans  Rutten
138,1957-06-02,SC Enschede,MVV,28,doelpunt,Gerrit  Moddejonge jr.
138,1957-06-02,SC Enschede,MVV,35,doelpunt,Abe  Lenstra
138,1957-06-02,SC Enschede,MVV,44,doelpunt,Gerrit  Moddejonge jr.
138,1957-06-02,SC Enschede,MVV,50,doelpunt,Henny  Oonk
138,1957-06-02,SC Enschede,MVV,70,doelpunt,Gerrit  Moddejonge jr.
138,1957-06-02,SC Enschede,MVV,80,doelpunt,Frans  Rutten
138,1957-06-02,SC Enschede,MVV,83,doelpunt,Abe  Lenstra
138,1957-06-02,SC Enschede,MVV,88,doelpunt,Gerrit  Moddejonge jr.
133,1956-12-16,Sparta,BVV,8,doelpunt,Peet  Geel
133,1956-12-16,Sparta,BVV,14,doelpunt,Peet  Geel
133,1956-12-16,Sparta,BVV,35,doelpunt,Wim  Heijmans
133,1956-12-16,Sparta,BVV,49,doelpunt,Henk  Quaadvliet
133,1956-12-16,Sparta,BVV,68,doelpunt,Nees  Kerssens
133,1956-12-16,Sparta,BVV,81,doelpunt,Tonny van Ede
176,1957-02-03,EVV Eindhoven,DOS,34,doelpunt,Tonny van der Linden
178,1956-11-18,EVV Eindhoven,BVC Amsterdam,50,doelpunt,Loek  Feijen
178,1956-11-18,EVV Eindhoven,BVC Amsterdam,75,doelpunt,Wim  Lubse
277,1957-04-07,Elinkwijk,GVAV,7,doelpunt,Johnny de Grooth
277,1957-04-07,Elinkwijk,GVAV,22,doelpunt,Piet de Koe
277,1957-04-07,Elinkwijk,GVAV,60,doelpunt,Jan  Reitsma
277,1957-04-07,Elinkwijk,GVAV,67,doelpunt,Piet de Koe
277,1957-04-07,Elinkwijk,GVAV,85,doelpunt,Piet de Koe
124,1956-10-07,Sparta,BVC Amsterdam,7,doelpunt,Tonny van Ede
124,1956-10-07,Sparta,BVC Amsterdam,15,doelpunt,Loek  Feijen
253,1957-05-19,GVAV,PSV,9,doelpunt,Heiko  Wolda
253,1957-05-19,GVAV,PSV,21,doelpunt,Piet  Fransen
253,1957-05-19,GVAV,PSV,31,doelpunt,Toon  Brusselers
253,1957-05-19,GVAV,PSV,59,doelpunt,Coen  Dillen
253,1957-05-19,GVAV,PSV,87,doelpunt,Coen  Dillen
253,1957-05-19,GVAV,PSV,11,eigen doelpunt,Siep  Benninga
107,1956-09-02,Willem II,Feijenoord,16,doelpunt,Gerrit de Wit
107,1956-09-02,Willem II,Feijenoord,18,doelpunt,Henk  Schouten
107,1956-09-02,Willem II,Feijenoord,22,doelpunt,Coy  Koopal
107,1956-09-02,Willem II,Feijenoord,38,doelpunt,Coy  Koopal
107,1956-09-02,Willem II,Feijenoord,78,doelpunt,Cor van der Gijp
107,1956-09-02,Willem II,Feijenoord,11,penalty,Henk  Schouten
98,1956-09-30,Willem II,SC Enschede,17,doelpunt,Coy  Koopal
98,1956-09-30,Willem II,SC Enschede,25,doelpunt,Abe  Lenstra
98,1956-09-30,Willem II,SC Enschede,45,doelpunt,Coy  Koopal
98,1956-09-30,Willem II,SC Enschede,70,doelpunt,Gerrit  Moddejonge jr.
228,1956-12-23,BVC Amsterdam,DOS,31,doelpunt,Dirk  Lammers
228,1956-12-23,BVC Amsterdam,DOS,37,doelpunt,Aad  Baselaar
228,1956-12-23,BVC Amsterdam,DOS,88,doelpunt,Tonny van der Linden
72,1956-11-18,NAC,Elinkwijk,11,doelpunt,Louis  Overbeeke
72,1956-11-18,NAC,Elinkwijk,40,doelpunt,Evert-Jan  Vonk
72,1956-11-18,NAC,Elinkwijk,61,doelpunt,Louis  Overbeeke
225,1957-01-13,BVC Amsterdam,Feijenoord,1,doelpunt,Jos  Vonhof
225,1957-01-13,BVC Amsterdam,Feijenoord,5,doelpunt,Han  Tolmeyer
225,1957-01-13,BVC Amsterdam,Feijenoord,52,doelpunt,Cor van der Gijp
47,1957-01-20,NAC,Ajax,6,doelpunt,Gé van Dijk
47,1957-01-20,NAC,Ajax,37,doelpunt,Jan van Hoogenhuizen
8,1957-04-14,NOAD,SC Enschede,30,doelpunt,Ab  Kentie
8,1957-04-14,NOAD,SC Enschede,38,doelpunt,Ab  Kentie
8,1957-04-14,NOAD,SC Enschede,83,doelpunt,Arend van der Wel
8,1957-04-14,NOAD,SC Enschede,88,doelpunt,Frits  Louer
248,1956-09-30,Feijenoord,PSV,13,doelpunt,Toon  Meerman
248,1956-09-30,Feijenoord,PSV,60,doelpunt,Henk  Schouten
184,1956-10-07,DOS,Rapid JC,73,doelpunt,Dirk  Lammers
184,1956-10-07,DOS,Rapid JC,58,eigen doelpunt,Wiel  Smeets
157,1957-05-05,DOS,BVC Amsterdam,6,doelpunt,Jos  Vonhof
157,1957-05-05,DOS,BVC Amsterdam,30,doelpunt,Dirk  Lammers
157,1957-05-05,DOS,BVC Amsterdam,55,doelpunt,Dirk  Lammers
157,1957-05-05,DOS,BVC Amsterdam,56,doelpunt,Tonny van der Linden
157,1957-05-05,DOS,BVC Amsterdam,85,doelpunt,Loek  Feijen
191,1956-12-16,DOS,VVV,22,doelpunt,Tonny van der Linden
191,1956-12-16,DOS,VVV,36,doelpunt,Leo  Snijders
191,1956-12-16,DOS,VVV,56,doelpunt,Hans  Sleven
191,1956-12-16,DOS,VVV,85,doelpunt,Hans  Sleven
158,1957-05-12,DOS,Ajax,38,doelpunt,Piet  Ouderland
158,1957-05-12,DOS,Ajax,51,doelpunt,Piet van der Kuil
268,1957-03-31,GVAV,Rapid JC,36,doelpunt,Noud van Melis
268,1957-03-31,GVAV,Rapid JC,72,doelpunt,Henk  Meuken
268,1957-03-31,GVAV,Rapid JC,81,doelpunt,Huub  Hanneman
268,1957-03-31,GVAV,Rapid JC,90,doelpunt,Huub  Bisschops
91,1957-04-14,VVV,BVC Amsterdam,15,doelpunt,Hay  Lamberts
91,1957-04-14,VVV,BVC Amsterdam,18,doelpunt,Han  Tolmeyer
91,1957-04-14,VVV,BVC Amsterdam,52,doelpunt,Loek  Feijen
91,1957-04-14,VVV,BVC Amsterdam,54,doelpunt,Hay  Lamberts
91,1957-04-14,VVV,BVC Amsterdam,75,doelpunt,Jozef  Theuws
142,1956-09-30,Sparta,NAC,7,doelpunt,Louis  Overbeeke
142,1956-09-30,Sparta,NAC,10,doelpunt,Leo  Canjels
142,1956-09-30,Sparta,NAC,15,doelpunt,Wiet van der Braak
142,1956-09-30,Sparta,NAC,30,doelpunt,Louis  Overbeeke
142,1956-09-30,Sparta,NAC,75,doelpunt,Tinus  Bosselaar
131,1957-03-10,Rapid JC,NOAD,36,doelpunt,Huub  Lenz
131,1957-03-10,Rapid JC,NOAD,41,doelpunt,Jan  Meijer
131,1957-03-10,Rapid JC,NOAD,60,doelpunt,Jan  Meijer
131,1957-03-10,Rapid JC,NOAD,75,doelpunt,Jan  Meijer
182,1957-03-31,DOS,SC Enschede,40,doelpunt,Arend van der Wel
182,1957-03-31,DOS,SC Enschede,52,doelpunt,Arend van der Wel
182,1957-03-31,DOS,SC Enschede,58,doelpunt,Arend van der Wel
182,1957-03-31,DOS,SC Enschede,62,doelpunt,Gerrit  Krommert
182,1957-03-31,DOS,SC Enschede,34,eigen doelpunt,Hans  Kraaij
109,1956-12-23,Willem II,EVV Eindhoven,5,doelpunt,Jan van Roessel
109,1956-12-23,Willem II,EVV Eindhoven,6,doelpunt,Frans van Kemenade
109,1956-12-23,Willem II,EVV Eindhoven,27,doelpunt,Toon  Feijen
109,1956-12-23,Willem II,EVV Eindhoven,33,doelpunt,Jan  Brooijmans
109,1956-12-23,Willem II,EVV Eindhoven,43,doelpunt,Jan van Roessel
53,1956-09-30,MVV,DOS,9,doelpunt,Harrie  Verdonschot
53,1956-09-30,MVV,DOS,43,doelpunt,Tonny van der Linden
53,1956-09-30,MVV,DOS,50,doelpunt,Wim  Visser
53,1956-09-30,MVV,DOS,60,doelpunt,Tonny van der Linden
53,1956-09-30,MVV,DOS,82,doelpunt,Gerrit  Krommert
53,1956-09-30,MVV,DOS,86,doelpunt,Huub van der Heyden
53,1956-09-30,MVV,DOS,89,doelpunt,Piet van Dijk
285,1957-04-30,GVAV,SC Enschede,28,doelpunt,Gerrit  Moddejonge jr.
285,1957-04-30,GVAV,SC Enschede,38,doelpunt,Gerrit  Voges
285,1957-04-30,GVAV,SC Enschede,80,doelpunt,Arend van der Wel
23,1957-02-17,Rapid JC,DOS,66,doelpunt,Tonny van der Linden
23,1957-02-17,Rapid JC,DOS,71,doelpunt,Gerrit  Krommert
23,1957-02-17,Rapid JC,DOS,90,doelpunt,Cor  Luiten
269,1957-04-14,GVAV,Feijenoord,15,doelpunt,Cor van der Gijp
269,1957-04-14,GVAV,Feijenoord,35,doelpunt,Coen  Moulijn
269,1957-04-14,GVAV,Feijenoord,75,doelpunt,Klaas  Buist
269,1957-04-14,GVAV,Feijenoord,76,doelpunt,Johnny de Grooth
269,1957-04-14,GVAV,Feijenoord,78,doelpunt,Jan  Reitsma
269,1957-04-14,GVAV,Feijenoord,36,penalty,Piet de Koe
169,1957-03-10,BVV,Fortuna '54,35,doelpunt,Bram  Appel
169,1957-03-10,BVV,Fortuna '54,57,doelpunt,André  Ravenstein
169,1957-03-10,BVV,Fortuna '54,58,doelpunt,Wim  Heijmans
169,1957-03-10,BVV,Fortuna '54,84,doelpunt,Henk  Angenent
192,1956-12-16,Ajax,Fortuna '54,20,doelpunt,Bart  Carlier
192,1956-12-16,Ajax,Fortuna '54,41,eigen doelpunt,Wim  Anderiesen jr.
300,1957-02-03,Elinkwijk,PSV,1,doelpunt,Coen  Dillen
300,1957-02-03,Elinkwijk,PSV,28,doelpunt,Coen  Dillen
300,1957-02-03,Elinkwijk,PSV,43,doelpunt,Jan van den Heuvel
300,1957-02-03,Elinkwijk,PSV,53,doelpunt,Coen  Dillen
300,1957-02-03,Elinkwijk,PSV,75,doelpunt,Coen  Dillen
300,1957-02-03,Elinkwijk,PSV,85,doelpunt,Jan van den Heuvel
44,1957-04-14,MVV,Rapid JC,15,doelpunt,André  Vroemen
44,1957-04-14,MVV,Rapid JC,50,penalty,Toon  Couwenbergh
21,1957-05-05,Rapid JC,Elinkwijk,47,doelpunt,Johan  Adang
21,1957-05-05,Rapid JC,Elinkwijk,75,doelpunt,Huub  Bisschops
21,1957-05-05,Rapid JC,Elinkwijk,85,doelpunt,Eef  Westers
235,1957-06-02,Fortuna '54,GVAV,28,doelpunt,Johnny de Grooth
235,1957-06-02,Fortuna '54,GVAV,29,doelpunt,Johnny de Grooth
235,1957-06-02,Fortuna '54,GVAV,55,doelpunt,Cor van der Hart
235,1957-06-02,Fortuna '54,GVAV,75,doelpunt,Henk  Angenent
235,1957-06-02,Fortuna '54,GVAV,87,doelpunt,Wim  Huis
55,1956-12-02,MVV,BVC Amsterdam,6,doelpunt,André  Vroemen
55,1956-12-02,MVV,BVC Amsterdam,74,doelpunt,Frans  Rutten
116,1957-04-30,Sparta,MVV,58,doelpunt,Frans  Rutten
116,1957-04-30,Sparta,MVV,83,doelpunt,Wim van der Gijp
116,1957-04-30,Sparta,MVV,84,doelpunt,Tonny van Ede
116,1957-04-30,Sparta,MVV,88,doelpunt,Frans  Rutten
116,1957-04-30,Sparta,MVV,89,doelpunt,Tonny van Ede
229,1957-03-24,BVV,DOS,7,doelpunt,Max van Beurden
229,1957-03-24,BVV,DOS,24,doelpunt,Max van Beurden
229,1957-03-24,BVV,DOS,60,doelpunt,Nees  Kerssens
229,1957-03-24,BVV,DOS,90,doelpunt,Nees  Kerssens
266,1957-04-07,Fortuna '54,VVV,2,doelpunt,Bart  Carlier
266,1957-04-07,Fortuna '54,VVV,18,doelpunt,Bram  Appel
266,1957-04-07,Fortuna '54,VVV,27,doelpunt,Henk  Angenent
266,1957-04-07,Fortuna '54,VVV,47,doelpunt,Faas  Wilkes
46,1956-10-21,MVV,NOAD,13,doelpunt,Frans  Rutten
46,1956-10-21,MVV,NOAD,30,doelpunt,Frans  Rutten
46,1956-10-21,MVV,NOAD,87,eigen doelpunt,Jo  Walhout
159,1956-09-23,BVV,Willem II,25,doelpunt,Piet van Overbeek
159,1956-09-23,BVV,Willem II,32,doelpunt,Max van Beurden
159,1956-09-23,BVV,Willem II,52,doelpunt,Mari van Bergen
159,1956-09-23,BVV,Willem II,60,doelpunt,Jan van Roessel
159,1956-09-23,BVV,Willem II,80,doelpunt,Jan  Brooijmans
10,1956-10-28,NOAD,Rapid JC,16,doelpunt,Tini van Osch
10,1956-10-28,NOAD,Rapid JC,31,doelpunt,Frits  Louer
10,1956-10-28,NOAD,Rapid JC,57,doelpunt,Huub  Bisschops
10,1956-10-28,NOAD,Rapid JC,68,doelpunt,Herman  Damen
10,1956-10-28,NOAD,Rapid JC,87,doelpunt,Huub  Hanneman
59,1956-09-02,NOAD,BVC Amsterdam,30,doelpunt,Henk van der Sluis
59,1956-09-02,NOAD,BVC Amsterdam,60,doelpunt,Jan  Meijer
59,1956-09-02,NOAD,BVC Amsterdam,65,doelpunt,Henk van der Sluis
59,1956-09-02,NOAD,BVC Amsterdam,90,doelpunt,Cees  Kick
5,1956-12-09,PSV,Ajax,4,doelpunt,Willy  Schmidt
5,1956-12-09,PSV,Ajax,53,doelpunt,Piet  Fransen
5,1956-12-09,PSV,Ajax,58,doelpunt,Wim  Bleijenberg
5,1956-12-09,PSV,Ajax,77,doelpunt,Willy  Schmidt
5,1956-12-09,PSV,Ajax,84,doelpunt,Piet  Fransen
56,1957-02-17,MVV,Ajax,6,doelpunt,Piet van der Kuil
56,1957-02-17,MVV,Ajax,35,doelpunt,Albert  Ummels
219,1956-11-18,Ajax,Willem II,15,doelpunt,Rinus  Michels
219,1956-11-18,Ajax,Willem II,57,doelpunt,Klaas  Bakker
219,1956-11-18,Ajax,Willem II,62,doelpunt,Piet  Ouderland
219,1956-11-18,Ajax,Willem II,65,doelpunt,Rinus  Michels
219,1956-11-18,Ajax,Willem II,86,doelpunt,Wim  Bleijenberg
117,1957-02-24,Sparta,GVAV,40,doelpunt,Rikkert  La Crois
117,1957-02-24,Sparta,GVAV,60,doelpunt,Tinus  Bosselaar
117,1957-02-24,Sparta,GVAV,62,doelpunt,Wim van der Gijp
117,1957-02-24,Sparta,GVAV,74,eigen doelpunt,Rinus  Terlouw
282,1957-02-17,EVV Eindhoven,NOAD,31,doelpunt,Huub  Tielens
282,1957-02-17,EVV Eindhoven,NOAD,41,doelpunt,Sjaak  Verspeek
282,1957-02-17,EVV Eindhoven,NOAD,50,doelpunt,Sjaak  Verspeek
282,1957-02-17,EVV Eindhoven,NOAD,53,doelpunt,Tini van Osch
37,1957-02-10,PSV,Feijenoord,40,doelpunt,Coen  Dillen
37,1957-02-10,PSV,Feijenoord,52,doelpunt,Piet  Fransen
37,1957-02-10,PSV,Feijenoord,60,doelpunt,Cor van der Gijp
37,1957-02-10,PSV,Feijenoord,30,penalty,Coen  Dillen
215,1956-12-09,BVC Amsterdam,VVV,18,doelpunt,Faas  Wilkes
215,1956-12-09,BVC Amsterdam,VVV,19,doelpunt,Jos  Vonhof
215,1956-12-09,BVC Amsterdam,VVV,36,doelpunt,Jos  Vonhof
215,1956-12-09,BVC Amsterdam,VVV,59,doelpunt,Aad  Baselaar
215,1956-12-09,BVC Amsterdam,VVV,63,doelpunt,Han  Tolmeyer
143,1957-01-06,SC Enschede,EVV Eindhoven,20,doelpunt,Gerrit  Voges
143,1957-01-06,SC Enschede,EVV Eindhoven,30,doelpunt,Henny  Oonk
143,1957-01-06,SC Enschede,EVV Eindhoven,44,doelpunt,Wim  Lubse
143,1957-01-06,SC Enschede,EVV Eindhoven,55,doelpunt,Arend van der Wel
143,1957-01-06,SC Enschede,EVV Eindhoven,60,doelpunt,Arend van der Wel
143,1957-01-06,SC Enschede,EVV Eindhoven,69,doelpunt,Arend van der Wel
143,1957-01-06,SC Enschede,EVV Eindhoven,88,doelpunt,Henny  Oonk
217,1957-02-17,BVC Amsterdam,Sparta,25,doelpunt,Piet de Vries
217,1957-02-17,BVC Amsterdam,Sparta,75,doelpunt,Henk van der Sluis
82,1957-01-06,VVV,NAC,87,doelpunt,Jozef  Theuws
20,1957-05-12,PSV,Sparta,11,doelpunt,Coen  Dillen
20,1957-05-12,PSV,Sparta,20,doelpunt,Coen  Dillen
20,1957-05-12,PSV,Sparta,46,doelpunt,Hans de Koning
20,1957-05-12,PSV,Sparta,82,doelpunt,Jan van den Heuvel
295,1957-02-17,Feijenoord,Fortuna '54,7,doelpunt,Henk  Schouten
295,1957-02-17,Feijenoord,Fortuna '54,25,doelpunt,Cor van der Gijp
295,1957-02-17,Feijenoord,Fortuna '54,38,doelpunt,Cor van der Gijp
295,1957-02-17,Feijenoord,Fortuna '54,87,doelpunt,Toon  Meerman
301,1957-03-03,Elinkwijk,Willem II,38,doelpunt,Wim de Jongh
301,1957-03-03,Elinkwijk,Willem II,43,doelpunt,Nico van Elderen
301,1957-03-03,Elinkwijk,Willem II,54,doelpunt,Wim de Jongh
301,1957-03-03,Elinkwijk,Willem II,87,doelpunt,Wim de Jongh
1,1956-12-16,NOAD,PSV,5,doelpunt,Piet  Fransen
1,1956-12-16,NOAD,PSV,63,doelpunt,Coen  Dillen
1,1956-12-16,NOAD,PSV,68,doelpunt,Jan  Meijer
1,1956-12-16,NOAD,PSV,71,doelpunt,Toon  Brusselers
1,1956-12-16,NOAD,PSV,75,doelpunt,Tini van Osch
221,1957-05-19,BVC Amsterdam,Ajax,25,doelpunt,Ben  Weenink
221,1957-05-19,BVC Amsterdam,Ajax,58,doelpunt,Loek den Edel
221,1957-05-19,BVC Amsterdam,Ajax,77,doelpunt,Willy  Schmidt
221,1957-05-19,BVC Amsterdam,Ajax,79,doelpunt,Piet van der Kuil
221,1957-05-19,BVC Amsterdam,Ajax,88,doelpunt,Piet van der Kuil
221,1957-05-19,BVC Amsterdam,Ajax,90,doelpunt,Willy  Schmidt
160,1956-11-11,BVV,VVV,9,doelpunt,Herman  Teeuwen
160,1956-11-11,BVV,VVV,11,doelpunt,Max van Beurden
160,1956-11-11,BVV,VVV,21,doelpunt,Leo  Snijders
160,1956-11-11,BVV,VVV,43,doelpunt,Leo  Snijders
160,1956-11-11,BVV,VVV,77,doelpunt,Herman  Teeuwen
170,1957-01-27,BVV,Feijenoord,16,doelpunt,Toon  Meerman
170,1957-01-27,BVV,Feijenoord,58,doelpunt,Cor van der Gijp
170,1957-01-27,BVV,Feijenoord,62,doelpunt,Cor van der Gijp
170,1957-01-27,BVV,Feijenoord,77,doelpunt,Toon  Meerman
170,1957-01-27,BVV,Feijenoord,82,doelpunt,Toon  Meerman
213,1956-12-26,BVV,Ajax,6,doelpunt,Piet van Overbeek
213,1956-12-26,BVV,Ajax,10,doelpunt,Wim  Heijmans
213,1956-12-26,BVV,Ajax,28,doelpunt,Wim  Heijmans
213,1956-12-26,BVV,Ajax,84,doelpunt,Wim  Bleijenberg
207,1957-01-20,GVAV,VVV,45,doelpunt,Faas  Wilkes
34,1956-09-02,PSV,MVV,14,doelpunt,Albert  Ummels
34,1956-09-02,PSV,MVV,30,doelpunt,Coen  Dillen
34,1956-09-02,PSV,MVV,46,doelpunt,Frans  Rutten
34,1956-09-02,PSV,MVV,61,penalty,Jeu van Bun
208,1957-01-06,Ajax,BVC Amsterdam,30,doelpunt,Rinus  Michels
208,1957-01-06,Ajax,BVC Amsterdam,52,doelpunt,Henk van der Sluis
208,1957-01-06,Ajax,BVC Amsterdam,80,doelpunt,Jos  Vonhof
208,1957-01-06,Ajax,BVC Amsterdam,50,penalty,Han  Tolmeyer
208,1957-01-06,Ajax,BVC Amsterdam,60,penalty,Gé van Dijk
234,1957-01-27,Fortuna '54,MVV,1,doelpunt,Bram  Appel
234,1957-01-27,Fortuna '54,MVV,86,doelpunt,Fons van Wissen
36,1957-03-24,PSV,Fortuna '54,25,doelpunt,Jean  Munsters
36,1957-03-24,PSV,Fortuna '54,70,doelpunt,Bram  Appel
36,1957-03-24,PSV,Fortuna '54,85,doelpunt,Coen  Dillen
152,1956-09-02,SC Enschede,Rapid JC,5,doelpunt,Huub  Janssen
152,1956-09-02,SC Enschede,Rapid JC,14,doelpunt,Joop  Janssen
152,1956-09-02,SC Enschede,Rapid JC,36,doelpunt,Noud van Melis
152,1956-09-02,SC Enschede,Rapid JC,60,doelpunt,Gerrit  Moddejonge jr.
152,1956-09-02,SC Enschede,Rapid JC,70,doelpunt,Abe  Lenstra
152,1956-09-02,SC Enschede,Rapid JC,88,doelpunt,Joop  Janssen
152,1956-09-02,SC Enschede,Rapid JC,37,penalty,Abe  Lenstra
200,1957-05-12,BVV,EVV Eindhoven,51,doelpunt,Jan  Louwers
200,1957-05-12,BVV,EVV Eindhoven,57,doelpunt,Willy  Slaats
200,1957-05-12,BVV,EVV Eindhoven,58,doelpunt,Piet van Overbeek
200,1957-05-12,BVV,EVV Eindhoven,65,doelpunt,Dick  Snoek
54,1957-05-19,MVV,BVV,27,doelpunt,Fons van Wissen
54,1957-05-19,MVV,BVV,49,doelpunt,Frans  Rutten
54,1957-05-19,MVV,BVV,63,doelpunt,Chris  Coenen
259,1956-12-02,GVAV,Elinkwijk,10,doelpunt,Bertus van Beek
259,1956-12-02,GVAV,Elinkwijk,25,doelpunt,Jan van Capelle
259,1956-12-02,GVAV,Elinkwijk,90,doelpunt,Heiko  Wolda
198,1957-05-30,Ajax,NOAD,58,doelpunt,Piet  Ouderland
198,1957-05-30,Ajax,NOAD,75,doelpunt,Loek den Edel
198,1957-05-30,Ajax,NOAD,81,doelpunt,Tini van Osch
58,1956-10-28,NAC,MVV,3,doelpunt,Louis  Overbeeke
58,1956-10-28,NAC,MVV,20,doelpunt,Frans  Rutten
58,1956-10-28,NAC,MVV,65,doelpunt,Piet  Vergouwen
232,1956-12-23,Fortuna '54,NOAD,56,doelpunt,Frits  Louer
232,1956-12-23,Fortuna '54,NOAD,58,doelpunt,Ab  Kentie
232,1956-12-23,Fortuna '54,NOAD,80,doelpunt,Tini van Osch
181,1956-09-23,DOS,EVV Eindhoven,23,doelpunt,Jan  Louwers
83,1956-09-23,VVV,MVV,1,doelpunt,Albert  Ummels
83,1956-09-23,VVV,MVV,25,doelpunt,Leo  Snijders
83,1956-09-23,VVV,MVV,83,doelpunt,Chris  Coenen
83,1956-09-23,VVV,MVV,61,penalty,Jeu van Bun
241,1957-01-06,Fortuna '54,Sparta,2,doelpunt,Jean  Munsters
241,1957-01-06,Fortuna '54,Sparta,20,doelpunt,Peet  Geel
24,1957-01-13,Rapid JC,BVV,9,doelpunt,Wim van Hintum
24,1957-01-13,Rapid JC,BVV,13,doelpunt,Noud van Melis
24,1957-01-13,Rapid JC,BVV,17,doelpunt,Max van Beurden
24,1957-01-13,Rapid JC,BVV,21,doelpunt,Wim  Heijmans
24,1957-01-13,Rapid JC,BVV,49,doelpunt,Noud van Melis
24,1957-01-13,Rapid JC,BVV,67,doelpunt,Johan  Adang
24,1957-01-13,Rapid JC,BVV,75,doelpunt,Noud van Melis
112,1957-01-27,Willem II,BVC Amsterdam,47,doelpunt,Ben  Weenink
112,1957-01-27,Willem II,BVC Amsterdam,70,doelpunt,Gerrit de Wit
112,1957-01-27,Willem II,BVC Amsterdam,85,doelpunt,Jos  Vonhof
28,1957-04-07,PSV,DOS,5,doelpunt,Cor  Luiten
28,1957-04-07,PSV,DOS,23,doelpunt,Cor  Smulders
28,1957-04-07,PSV,DOS,50,doelpunt,Theo  Buenen
28,1957-04-07,PSV,DOS,70,doelpunt,Theo  Buenen
28,1957-04-07,PSV,DOS,80,doelpunt,Tonny van der Linden
154,1956-10-21,BVV,PSV,17,doelpunt,Coen  Dillen
154,1956-10-21,BVV,PSV,82,doelpunt,Jan van den Heuvel
154,1956-10-21,BVV,PSV,90,doelpunt,Coen  Dillen
211,1957-02-03,BVC Amsterdam,NAC,80,doelpunt,Piet  Vergouwen
139,1957-05-12,SC Enschede,GVAV,25,doelpunt,Abe  Lenstra
139,1957-05-12,SC Enschede,GVAV,60,doelpunt,Piet de Koe
81,1957-05-15,VVV,NOAD,30,doelpunt,Jan  Meijer
81,1957-05-15,VVV,NOAD,43,doelpunt,Jan  Klaassens
81,1957-05-15,VVV,NOAD,75,doelpunt,Faas  Wilkes
265,1957-02-24,Fortuna '54,Willem II,13,doelpunt,Jan  Brooijmans
9,1957-06-02,PSV,EVV Eindhoven,4,doelpunt,Jan  Louwers
9,1957-06-02,PSV,EVV Eindhoven,7,doelpunt,Coen  Dillen
9,1957-06-02,PSV,EVV Eindhoven,15,doelpunt,Ad van Tuijl
9,1957-06-02,PSV,EVV Eindhoven,21,doelpunt,Jan van den Heuvel
9,1957-06-02,PSV,EVV Eindhoven,24,doelpunt,Coen  Dillen
9,1957-06-02,PSV,EVV Eindhoven,26,doelpunt,Piet  Fransen
9,1957-06-02,PSV,EVV Eindhoven,52,doelpunt,Frans  Tebak
9,1957-06-02,PSV,EVV Eindhoven,75,doelpunt,Jan van den Heuvel
9,1957-06-02,PSV,EVV Eindhoven,78,doelpunt,Cor  Vlemmix
9,1957-06-02,PSV,EVV Eindhoven,79,doelpunt,Jan van den Heuvel
9,1957-06-02,PSV,EVV Eindhoven,85,doelpunt,Frans  Tebak
190,1957-04-14,DOS,Fortuna '54,71,doelpunt,Andries  Nagtegaal
190,1957-04-14,DOS,Fortuna '54,77,doelpunt,Cor  Luiten
190,1957-04-14,DOS,Fortuna '54,86,doelpunt,Dirk  Lammers
190,1957-04-14,DOS,Fortuna '54,90,doelpunt,Jo  Dingena
222,1957-04-07,BVC Amsterdam,MVV,5,doelpunt,Loek  Feijen
222,1957-04-07,BVC Amsterdam,MVV,70,doelpunt,Jos  Vonhof
222,1957-04-07,BVC Amsterdam,MVV,72,doelpunt,Ben  Weenink
101,1957-02-17,Willem II,PSV,26,doelpunt,Jan van den Heuvel
101,1957-02-17,Willem II,PSV,38,doelpunt,Coen  Dillen
101,1957-02-17,Willem II,PSV,48,doelpunt,Jacques de Wit
101,1957-02-17,Willem II,PSV,49,doelpunt,Piet  Fransen
101,1957-02-17,Willem II,PSV,87,doelpunt,Piet  Fransen
101,1957-02-17,Willem II,PSV,62,penalty,Coen  Dillen
174,1956-12-16,EVV Eindhoven,Feijenoord,24,penalty,Gerard  Kerkum
93,1957-02-10,SC Enschede,Willem II,15,doelpunt,Gerrit  Moddejonge jr.
93,1957-02-10,SC Enschede,Willem II,18,doelpunt,Jan van Roessel
93,1957-02-10,SC Enschede,Willem II,20,doelpunt,Henny  Oonk
93,1957-02-10,SC Enschede,Willem II,40,doelpunt,Henny  Oonk
93,1957-02-10,SC Enschede,Willem II,69,doelpunt,Henny  Oonk
93,1957-02-10,SC Enschede,Willem II,74,doelpunt,Gerrit  Moddejonge jr.
78,1956-12-30,Rapid JC,Feijenoord,44,doelpunt,Huub  Janssen
78,1956-12-30,Rapid JC,Feijenoord,60,doelpunt,Huub  Janssen
78,1956-12-30,Rapid JC,Feijenoord,74,doelpunt,Johan  Adang
78,1956-12-30,Rapid JC,Feijenoord,79,doelpunt,Huub  Janssen
78,1956-12-30,Rapid JC,Feijenoord,90,penalty,Gerard  Kerkum
43,1956-11-11,MVV,Sparta,12,doelpunt,Jo  Toennaer
43,1956-11-11,MVV,Sparta,57,doelpunt,André  Vroemen
43,1956-11-11,MVV,Sparta,65,doelpunt,Toon  Couwenbergh
43,1956-11-11,MVV,Sparta,86,doelpunt,Ad  Verhoeven
43,1956-11-11,MVV,Sparta,50,penalty,Tinus  Bosselaar
203,1957-03-17,Ajax,Feijenoord,62,doelpunt,Willy  Schmidt
52,1956-11-25,MVV,EVV Eindhoven,34,doelpunt,André  Vroemen
52,1956-11-25,MVV,EVV Eindhoven,55,doelpunt,Jo  Toennaer
52,1956-11-25,MVV,EVV Eindhoven,60,doelpunt,Jo  Toennaer
90,1957-03-17,VVV,BVV,7,doelpunt,Hay  Lamberts
90,1957-03-17,VVV,BVV,8,doelpunt,Herman  Teeuwen
90,1957-03-17,VVV,BVV,18,doelpunt,Hans  Sleven
90,1957-03-17,VVV,BVV,54,doelpunt,Wim  Heijmans
6,1957-03-31,NOAD,Willem II,65,doelpunt,Frits  Louer
242,1957-04-22,Fortuna '54,Ajax,3,doelpunt,Wim  Bleijenberg
242,1957-04-22,Fortuna '54,Ajax,18,doelpunt,Gé van Dijk
242,1957-04-22,Fortuna '54,Ajax,52,doelpunt,Wim  Bleijenberg
242,1957-04-22,Fortuna '54,Ajax,64,doelpunt,Henk  Angenent
242,1957-04-22,Fortuna '54,Ajax,84,doelpunt,Henk  Angenent
206,1956-12-30,Ajax,DOS,28,doelpunt,Willy  Schmidt
206,1956-12-30,Ajax,DOS,72,doelpunt,Dirk  Lammers
206,1956-12-30,Ajax,DOS,83,doelpunt,Dirk  Lammers
247,1957-05-12,Feijenoord,Rapid JC,10,doelpunt,Huub  Bisschops
247,1957-05-12,Feijenoord,Rapid JC,75,doelpunt,Huub  Bisschops
247,1957-05-12,Feijenoord,Rapid JC,88,doelpunt,Toon  Meerman
247,1957-05-12,Feijenoord,Rapid JC,5,eigen doelpunt,Wiel  Smeets
247,1957-05-12,Feijenoord,Rapid JC,50,eigen doelpunt,Gerard  Kerkum
238,1956-09-02,Fortuna '54,EVV Eindhoven,1,doelpunt,Bram  Appel
238,1956-09-02,Fortuna '54,EVV Eindhoven,50,doelpunt,Bram  Appel
238,1956-09-02,Fortuna '54,EVV Eindhoven,60,doelpunt,Jan  Sanders
238,1956-09-02,Fortuna '54,EVV Eindhoven,72,doelpunt,Jean  Munsters
238,1956-09-02,Fortuna '54,EVV Eindhoven,90,doelpunt,André  Ravenstein
71,1957-03-31,NAC,Feijenoord,7,doelpunt,Cor van der Gijp
71,1957-03-31,NAC,Feijenoord,43,penalty,Leo  Canjels
134,1957-03-03,SC Enschede,DOS,49,doelpunt,Luc  Flad
134,1957-03-03,SC Enschede,DOS,75,doelpunt,Gerrit  Moddejonge jr.
134,1957-03-03,SC Enschede,DOS,90,doelpunt,Cor  Luiten
4,1957-03-17,PSV,BVC Amsterdam,27,doelpunt,Coen  Dillen
4,1957-03-17,PSV,BVC Amsterdam,56,doelpunt,Henk van der Sluis
4,1957-03-17,PSV,BVC Amsterdam,59,doelpunt,Loek  Feijen
4,1957-03-17,PSV,BVC Amsterdam,80,doelpunt,Coen  Dillen
180,1957-03-17,DOS,Willem II,6,doelpunt,Dirk  Lammers
180,1957-03-17,DOS,Willem II,55,doelpunt,Tonny van der Linden
180,1957-03-17,DOS,Willem II,62,doelpunt,Gerrit  Krommert
180,1957-03-17,DOS,Willem II,67,doelpunt,Wim  Visser
180,1957-03-17,DOS,Willem II,84,doelpunt,Piet de Jong
175,1957-04-14,EVV Eindhoven,Elinkwijk,28,doelpunt,Piet van Rooy
165,1957-04-07,BVV,NOAD,24,doelpunt,Nees  Kerssens
165,1957-04-07,BVV,NOAD,30,doelpunt,Max van Beurden
165,1957-04-07,BVV,NOAD,40,doelpunt,Max van Beurden
165,1957-04-07,BVV,NOAD,53,doelpunt,Nees  Kerssens
165,1957-04-07,BVV,NOAD,58,doelpunt,Wim van Hintum
165,1957-04-07,BVV,NOAD,88,doelpunt,Max van Beurden
286,1956-11-25,Feijenoord,NAC,18,doelpunt,Henk  Schouten
286,1956-11-25,Feijenoord,NAC,58,doelpunt,Louis  Overbeeke
286,1956-11-25,Feijenoord,NAC,65,doelpunt,Leo  Canjels
286,1956-11-25,Feijenoord,NAC,47,penalty,Gerard  Kerkum
12,1957-01-27,NOAD,NAC,25,doelpunt,Jan  Meijer
12,1957-01-27,NOAD,NAC,89,doelpunt,Janus  Broeders
12,1957-01-27,NOAD,NAC,61,penalty,Frits  Louer
62,1957-05-19,NAC,VVV,5,doelpunt,Pierre  Janse
62,1957-05-19,NAC,VVV,28,doelpunt,John  Geraeds
62,1957-05-19,NAC,VVV,56,doelpunt,Leo  Canjels
62,1957-05-19,NAC,VVV,86,doelpunt,Leo  Canjels
135,1957-03-03,Rapid JC,GVAV,4,doelpunt,Noud van Melis
135,1957-03-03,Rapid JC,GVAV,6,doelpunt,Rikkert  La Crois
135,1957-03-03,Rapid JC,GVAV,9,doelpunt,Noud van Melis
135,1957-03-03,Rapid JC,GVAV,82,doelpunt,Heiko  Wolda
239,1957-03-24,Feijenoord,NOAD,25,doelpunt,Tinus  Osterholt
239,1957-03-24,Feijenoord,NOAD,30,doelpunt,Jan  Meijer
239,1957-03-24,Feijenoord,NOAD,49,doelpunt,Coen  Moulijn
239,1957-03-24,Feijenoord,NOAD,62,doelpunt,Toon  Meerman
239,1957-03-24,Feijenoord,NOAD,75,doelpunt,Toon  Meerman
239,1957-03-24,Feijenoord,NOAD,87,doelpunt,Ab  Kentie
239,1957-03-24,Feijenoord,NOAD,89,doelpunt,Cor van der Gijp
216,1956-10-21,BVC Amsterdam,SC Enschede,17,doelpunt,Joop  Janssen
216,1956-10-21,BVC Amsterdam,SC Enschede,25,doelpunt,Henny  Moddejonge
137,1957-04-22,SC Enschede,NAC,52,doelpunt,Gerrit  Voges
137,1957-04-22,SC Enschede,NAC,75,doelpunt,Henny  Oonk
137,1957-04-22,SC Enschede,NAC,83,doelpunt,Wim  Feldmann
205,1957-02-10,Ajax,EVV Eindhoven,28,doelpunt,Huub  Tielens
205,1957-02-10,Ajax,EVV Eindhoven,37,doelpunt,Piet van der Kuil
205,1957-02-10,Ajax,EVV Eindhoven,39,doelpunt,Wim  Bleijenberg
205,1957-02-10,Ajax,EVV Eindhoven,77,doelpunt,Rinus  Michels
120,1957-03-31,Sparta,Elinkwijk,25,doelpunt,Lou  Benningshof
120,1957-03-31,Sparta,Elinkwijk,47,doelpunt,Tonny van Ede
120,1957-03-31,Sparta,Elinkwijk,85,penalty,Tinus  Bosselaar
294,1956-09-09,Feijenoord,BVV,10,doelpunt,Cor van der Gijp
294,1956-09-09,Feijenoord,BVV,22,doelpunt,Henk  Schouten
294,1956-09-09,Feijenoord,BVV,44,doelpunt,Coen  Moulijn
294,1956-09-09,Feijenoord,BVV,60,doelpunt,Mari van Bergen
294,1956-09-09,Feijenoord,BVV,62,doelpunt,Henk  Schouten
294,1956-09-09,Feijenoord,BVV,40,penalty,Henk  Schouten
298,1957-03-24,Elinkwijk,NAC,48,doelpunt,Bertus van Beek
298,1957-03-24,Elinkwijk,NAC,67,doelpunt,Wim de Jongh
298,1957-03-24,Elinkwijk,NAC,70,doelpunt,Leo  Canjels
67,1956-09-09,NAC,NOAD,21,doelpunt,Ab  Kentie
67,1956-09-09,NAC,NOAD,49,doelpunt,Leo  Canjels
67,1956-09-09,NAC,NOAD,71,doelpunt,Leo  Canjels
67,1956-09-09,NAC,NOAD,73,doelpunt,Herman  Damen
125,1956-12-30,Sparta,PSV,5,doelpunt,Ad  Verhoeven
125,1956-12-30,Sparta,PSV,7,doelpunt,Coen  Dillen
125,1956-12-30,Sparta,PSV,75,doelpunt,Jan van den Heuvel
125,1956-12-30,Sparta,PSV,85,doelpunt,Piet  Fransen
125,1956-12-30,Sparta,PSV,87,doelpunt,Tonny van Ede
125,1956-12-30,Sparta,PSV,88,doelpunt,Hans de Koning
125,1956-12-30,Sparta,PSV,89,doelpunt,Coen  Dillen
201,1956-09-23,Ajax,GVAV,2,doelpunt,Loek den Edel
201,1956-09-23,Ajax,GVAV,22,doelpunt,Johnny de Grooth
201,1956-09-23,Ajax,GVAV,45,doelpunt,Wim  Bleijenberg
201,1956-09-23,Ajax,GVAV,50,doelpunt,Piet van der Kuil
201,1956-09-23,Ajax,GVAV,54,doelpunt,Piet de Koe
201,1956-09-23,Ajax,GVAV,65,doelpunt,Piet van der Kuil
26,1956-10-21,Rapid JC,Ajax,32,doelpunt,Piet van der Kuil
26,1956-10-21,Rapid JC,Ajax,49,doelpunt,Noud van Melis
26,1956-10-21,Rapid JC,Ajax,65,doelpunt,Noud van Melis
26,1956-10-21,Rapid JC,Ajax,74,doelpunt,Johan  Adang
26,1956-10-21,Rapid JC,Ajax,77,doelpunt,Huub  Bisschops
26,1956-10-21,Rapid JC,Ajax,85,doelpunt,Klaas  Bakker
100,1957-01-06,Willem II,Rapid JC,5,doelpunt,Piet de Jong
100,1957-01-06,Willem II,Rapid JC,6,doelpunt,Hein  Stroucken
100,1957-01-06,Willem II,Rapid JC,60,doelpunt,Heinz  Schaffrath
274,1956-10-21,Elinkwijk,DOS,3,doelpunt,Tonny van der Linden
274,1956-10-21,Elinkwijk,DOS,4,doelpunt,Jan  Klein
274,1956-10-21,Elinkwijk,DOS,15,doelpunt,Andries  Nagtegaal
274,1956-10-21,Elinkwijk,DOS,46,doelpunt,Dirk  Lammers
274,1956-10-21,Elinkwijk,DOS,66,doelpunt,Gerrit  Krommert
274,1956-10-21,Elinkwijk,DOS,72,doelpunt,Dirk  Lammers
274,1956-10-21,Elinkwijk,DOS,87,doelpunt,Tonny van der Linden
77,1956-10-07,VVV,Elinkwijk,41,doelpunt,Jan  Klaassens
77,1956-10-07,VVV,Elinkwijk,59,doelpunt,Evert-Jan  Vonk
77,1956-10-07,VVV,Elinkwijk,85,doelpunt,Faas  Wilkes
14,1957-02-10,NOAD,GVAV,6,doelpunt,Jan  Meijer
14,1957-02-10,NOAD,GVAV,42,doelpunt,Tini van Osch
14,1957-02-10,NOAD,GVAV,66,doelpunt,Jan  Meijer
14,1957-02-10,NOAD,GVAV,67,doelpunt,Rikkert  La Crois
14,1957-02-10,NOAD,GVAV,72,doelpunt,Jan  Reitsma
246,1957-04-07,Feijenoord,Sparta,5,doelpunt,Wim van der Gijp
246,1957-04-07,Feijenoord,Sparta,10,doelpunt,Tonny van Ede
246,1957-04-07,Feijenoord,Sparta,55,doelpunt,Wim van der Gijp
188,1957-02-10,DOS,MVV,14,doelpunt,Cor  Luiten
188,1957-02-10,DOS,MVV,19,doelpunt,Frans  Rutten
188,1957-02-10,DOS,MVV,28,doelpunt,Frans  Rutten
